相変わらず,相[あい] 変[か]わらず,as before/usual,
相次いで,相[あい] 次[つ]いで,one after the other,
～相手,～ 相[あい] 手[て],～ partner,
アイデア,アイデア,idea,
あいにく,あいにく,unfortunately,
あいまい,あいまい,"vague, unclear",
遭う,遭[あ]う,to encounter,
～合う,～ 合[あ]う,～ with/to/at each other,
青白い,青[あお] 白[じろ]い,pale,
赤字,赤[あか] 字[じ],"deficit, loss",
あがる,あがる,to get nervous,
～上がる,～ 上[あ]がる,"to be completed, to go up",
飽きっぽい,飽[あ]きっぽい,soon get tired of,
あきらめる,あきらめる,to give up,
飽きる,飽[あ]きる,"to get tired of, to get sick of",
あきれる,あきれる,to be dumbfounded/astounded,
悪～,悪[あく]～,bad ～,
握手,握[あく] 手[しゅ],handshake,
あくび,あくび,yawn,
あくまで,あくまで,"to the last, persistently",
～明け,～ 明[あ]け,"beginning of, after",
明け方,明[あ]け 方[がた],dawn,
明ける,明[あ]ける,"to end, to break",
揚げる,揚[あ]げる,to fry,
～上げる,～ 上[あ]げる,(indicates upward movement),
あこがれる,あこがれる,to long for,
味付け,味[あじ] 付[つ]け,seasoning,
味わう,味[あじ]わう,to taste,
足を延ばす,足[あし]を 延[の]ばす,to extend one's visit,
足を運ぶ,足[あし]を 運[はこ]ぶ,to pay a visit,
足を引っ張る,足[あし]を 引[ひ]っ 張[ぱ]る,"to hold back, to cause trouble",
預ける,預[あず]ける,"to entrust, to leave with",
汗,汗[あせ],sweat,
遊び回る,遊[あそ]び 回[まわ]る,to play around,
与える,与[あた]える,to give,
あたかも,あたかも,as if,
温かみ,温[あたた]かみ,warmth,
温まる,温[あたた]まる,to warm up (vi.),
暖まる,暖[あたた]まる,to warm up (vi.),
温め直す,温[あたた]め 直[なお]す,to reheat,
温める,温[あたた]める,to heat/warm up (vt.),
暖める,暖[あたた]める,to heat/warm up (vt.),
頭が上がらない,頭[あたま]が 上[あ]がらない,to be no match for,
頭が痛い,頭[あたま]が 痛[いた]い,gives someone a headache,
頭が固い,頭[あたま]が 固[かた]い,"obstinate, stubborn",
頭に来る,頭[あたま]に 来[く]る,to get mad,
頭を下げる,頭[あたま]を 下[さ]げる,to bow one's head,
頭を冷やす,頭[あたま]を 冷[ひ]やす,to cool down,
～扱い,～ 扱[あつか]い,treated like a ～,
厚かましい,厚[あつ]かましい,shameless,
集まり,集[あつ]まり,gathering,
厚み,厚[あつ]み,thickness,
あて～,あて～,"apply ～ to, adapt to ～",
あてはまる,あてはまる,"to fit, to apply to",
あてはめる,あてはめる,to apply to,
跡,跡[あと],"remains, site",
アドレス帳,アドレス 帳[ちょう],address book,
暴れる,暴[あば]れる,to act violently,
甘み,甘[あま]み,sweetness,
編み上がる,編[あ]み 上[あ]がる,to knit completely,
編み物,編[あ]み 物[もの],knitting,
編む,編[あ]む,to knit,
危うい,危[あや]うい,"in danger, dangerous",
怪しむ,怪[あや]しむ,"to doubt, to suspect",
荒い,荒[あら]い,"rough, coarse",
粗い,粗[あら]い,"rough, coarse",
あらかじめ,あらかじめ,"beforehand, in advance",
あらし,あらし,storm,
粗筋,粗[あら] 筋[すじ],outline,
改めて,改[あらた]めて,again,
改める,改[あらた]める,"to reform, to alter",
あらゆる,あらゆる,every,
ありがたい,ありがたい,"appreciate, grateful",
ありがたさ,ありがたさ,blessing,
歩き出す,歩[ある]き 出[だ]す,to begin to walk,
歩き回る,歩[ある]き 回[まわ]る,"to walk around, to roam around",
あれこれ,あれこれ,this and that,
荒れる,荒[あ]れる,to get rough,
慌ただしい,慌[あわ]ただしい,busy,
慌てる,慌[あわ]てる,"to panic, to get flustered",
哀れ,哀[あわ]れ,pitiful,
案,案[あん],"proposal, idea",
～案,～ 案[あん],～ plan/proposal,
安易,安[あん] 易[い],easy,
案外,案[あん] 外[がい],unexpectedly,
暗記,暗[あん] 記[き],learning by heart,
安全性,安[あん] 全[ぜん] 性[せい],safety,
案の定,案[あん]の 定[じょう],as expected,
異～,異[い]～,different ～,
言い合う,言[い]い 合[あ]う,"to argue, to have an exchange",
言い出す,言[い]い 出[だ]す,to bring up a subject,
言いつける,言[い]いつける,to tell,
言い張る,言[い]い 張[は]る,"to insist on, to stick to one's point",
意外,意[い] 外[がい],unexpected,
生かす,生[い]かす,to make good use of,
生き生き,生[い]き 生[い]き,lively,
息が合う,息[いき]が 合[あ]う,to do something together smoothly,
息が切れる,息[いき]が 切[き]れる,to be short of breath,
息が長い,息[いき]が 長[なが]い,long-standing,
いきなり,いきなり,suddenly,
意義深い,意[い] 義[ぎ] 深[ぶか]い,significant,
異業種,異[い] 業[ぎょう] 種[しゅ],different industries,
幾分,幾[いく] 分[ぶん],somewhat,
いくら,いくら,however,
いくらか,いくらか,a little,
意識,意[い] 識[しき],consciousness,
いずれ,いずれ,some day,
依然,依[い] 然[ぜん],still,
以前,以[い] 前[ぜん],before,
偉大,偉[い] 大[だい],great,
抱く、抱く,抱[いだ]く、 抱[だ]く,"抱[いだ]く：to have, to cherish<br>抱[だ]く：to hold/hug",
痛み,痛[いた]み,"pain, ache",
痛み出す,痛[いた]み 出[だ]す,to start to hurt,
痛む,痛[いた]む,to ache,
位置,位[い] 置[ち],"location, position",
一応,一[いち] 応[おう],"just in case, at any rate",
一時,一[いち] 時[じ],"temporary, for some time",
一時間目,一[いち] 時[じ] 間[かん] 目[め],first period,
一段と,一[いち] 段[だん]と,even more,
一日おき,一[いち] 日[にち]おき,every other day,
一面,一[いち] 面[めん],front page,
一流～,一[いち] 流[りゅう]～,prestigious/leading ～,
一流企業,一[いち] 流[りゅう] 企[き] 業[ぎょう],blue-chip company,
一流校,一[いち] 流[りゅう] 校[こう],top school,
一家,一[いっ] 家[か],whole family,
一切,一[いっ] 切[さい],absolutely (not),
一瞬,一[いっ] 瞬[しゅん],an instant,
一斉に,一[いっ] 斉[せい]に,all together,
一層,一[いっ] 層[そう],much more,
一体,一[いっ] 体[たい],(what/why) on earth/the heck,
いったん,いったん,"temporarily, once",
一致,一[いっ] 致[ち],"agreement, consistency",
一定,一[いっ] 定[てい],"fixed, constant",
いつでも,いつでも,anytime,
いつの間に,いつの 間[ま]に,"before you know it, without even noticing",
いつまでも,いつまでも,forever,
移転,移[い] 転[てん],transfer,
遺伝,遺[い] 伝[でん],inheritance,
遺伝子,遺[い] 伝[でん] 子[し],gene,
遺伝子組み換え,遺[い] 伝[でん] 子[し] 組[く]み 換[か]え,genetic recombination,
稲,稲[いね],rice plant,
祈る,祈[いの]る,to pray,
威張る,威[い] 張[ば]る,to put on airs,
違反,違[い] 反[はん],violation,
～違反,～ 違[い] 反[はん],～ violation,
衣服,衣[い] 服[ふく],clothes,
今更,今[いま] 更[さら],(too late) now,
未だに,未[いま]だに,"yet, even now",
今に,今[いま]に,"sooner or later, in time",
今にも,今[いま]にも,at any moment,
今や,今[いま]や,now (in contrast with the past),
異民族,異[い] 民[みん] 族[ぞく],different race,
嫌がる,嫌[いや]がる,to hate,
いよいよ,いよいよ,finally,
依頼,依[い] 頼[らい],"request, commission",
以来,以[い] 来[らい],since,
いらいら,いらいら,irritation,
医療用,医[い] 療[りょう] 用[よう],for medical use,
いる,いる,to roast,
色違い,色[いろ] 違[ちが]い,different colours,
色遣い,色[いろ] 遣[づか]い,colour scheme,
～員,～ 員[いん],～ employee,
印刷機能,印[いん] 刷[さつ] 機[き] 能[のう],printing function,
印象的,印[いん] 象[しょう] 的[てき],impressive,
インストール,インストール,install,
引退,引[いん] 退[たい],retirement,
インタビュー,インタビュー,interview,
インフルエンザ,インフルエンザ,influenza,
引用,引[いん] 用[よう],"citation, quotation",
ウイルス,ウイルス,virus,
ウイルス対策,ウイルス 対[たい] 策[さく],anti-virus,
ウェブサイト,ウェブサイト,Web site,
植える,植[う]える,to plant,
受け～,受[う]け～,receive/accept/take ～,
受け入れる,受[う]け 入[い]れる,to accept,
受け継ぐ,受[う]け 継[つ]ぐ,to inherit,
受け取る,受[う]け 取[と]る,to receive,
受け持つ,受[う]け 持[も]つ,to be in charge of,
失う,失[うしな]う,to lose,
薄暗い,薄[うす] 暗[ぐら]い,dim,
薄まる,薄[うす]まる,to become diluted (vi.),
薄める,薄[うす]める,to dilute (vt.),
歌い出す,歌[うた]い 出[だ]す,to begin to sing,
疑う,疑[うたが]う,to doubt,
打ち～,打[う]ち～,(used to add emphasis),
打ち合わせ,打[う]ち 合[あ]わせ,meeting,
打ち合わせる,打[う]ち 合[あ]わせる,to have a meeting,
内気,内[うち] 気[き],shy,
打ち消す,打[う]ち 消[け]す,"to deny, to contradict",
宇宙飛行士,宇[う] 宙[ちゅう] 飛[ひ] 行[こう] 士[し],astronaut,
うっかり,うっかり,carelessly,
訴えかける,訴[うった]えかける,to appeal,
訴える,訴[うった]える,"to take legal action, to appeal, to complain",
腕が上がる,腕[うで]が 上[あ]がる,to become more skilful,
腕がいい,腕[うで]がいい,to be skilled,
腕を上げる,腕[うで]を 上[あ]げる,to improve one's skill,
奪う,奪[うば]う,to steal,
うまみ,うまみ,taste,
生まれる,生[う]まれる,to be born,
生み出す,生[う]み 出[だ]す,"to produce, to create",
埋める,埋[う]める,"to bury, to fill in",
敬う,敬[うやま]う,to respect,
裏,裏[うら],"back, reverse side",
裏返す,裏[うら] 返[がえ]す,"to turn over, to reverse",
裏切る,裏[うら] 切[ぎ]る,to betray,
恨む,恨[うら]む,to hold a grudge,
うらやましい,うらやましい,envious,
うらやむ,うらやむ,to envy,
うんと,うんと,"really, very",
永遠,永[えい] 遠[えん],eternity,
影響,影[えい] 響[きょう],influence,
英国式,英[えい] 国[こく] 式[しき],British style/system,
衛生的,衛[えい] 生[せい] 的[てき],"hygienic, sanitary",
映像,映[えい] 像[ぞう],"image, picture",
英文学科,英[えい] 文[ぶん] 学[がっ] 科[か],English department,
英雄,英[えい] 雄[ゆう],"great man, hero",
栄養,栄[えい] 養[よう],nutrition,
えさ,えさ,"feed, food",
エチケット,エチケット,etiquette,
エネルギー資源,エネルギー 資[し] 源[げん],energy resources,
獲物,獲[え] 物[もの],prey,
円,円[えん],circle,
～園,～ 園[えん],～ garden,
宴会,宴[えん] 会[かい],party,
演技,演[えん] 技[ぎ],acting,
演劇,演[えん] 劇[げき],play,
園児,園[えん] 児[じ],kindergarten pupil,
演習,演[えん] 習[しゅう],practice,
援助,援[えん] 助[じょ],"aid, assistance",
援助活動,援[えん] 助[じょ] 活[かつ] 動[どう],aid activities,
演説,演[えん] 説[ぜつ],"speech, address",
演奏,演[えん] 奏[そう],performance,
追い～,追[お]い～,catch ～,
追いかける,追[お]いかける,to chase,
追い越す,追[お]い 越[こ]す,to overtake,
追い出す,追[お]い 出[だ]す,"to chase away, to throw out",
追い付く,追[お]い 付[つ]く,to overtake,
負う,負[お]う,to owe,
応援,応[おう] 援[えん],"to support, cheering for",
欧州連合,欧[おう] 州[しゅう] 連[れん] 合[ごう],European Union,
横断,横[おう] 断[だん],crossing,
往復,往[おう] 復[ふく],"both ways, round trip",反.  片[かた] 道[みち]<br>one way
大～、大～,大[おお]～、 大[だい]～,大[おお]～：big/great/extreme ～<br>大[だい]～：big/major ～,
大雨洪水警報,大[おお] 雨[あめ] 洪[こう] 水[ずい] 警[けい] 報[ほう],heavy rain and flood warning,
大いに,大[おお]いに,"hugely, very much",
大げさ,大[おお]げさ,exaggerated,
大手自動車メーカー,大[おお] 手[て] 自[じ] 動[どう] 車[しゃ]メーカー,major car manufacturer,
大通り,大[おお] 通[どお]り,main street,
オーバー,オーバー,exaggerated,
大幅,大[おお] 幅[はば],"major, drastic",
大まか,大[おお]まか,rough,反.  詳[しょう] 細[さい]<br>details
丘,丘[おか],hill,
お母様,お 母[かあ] 様[さま],mother,
犯す,犯[おか]す,to commit,
沖,沖[おき],out to sea,反.  岸[きし]<br>coast
～おき,～おき,every ～,
補う,補[おぎな]う,to make up for,
奥様,奥[おく] 様[さま],wife,
怒り出す,怒[おこ]り 出[だ]す,to lose one's temper,
押さえる,押[お]さえる,"to hold down, to restrain",
抑える,抑[おさ]える,"to keep under control, to suppress",
収める,収[おさ]める,to pay,
お辞儀,お 辞[じ] 儀[ぎ],bow,
惜しむ,惜[お]しむ,"to regret, to begrudge",
お嬢ちゃん,お 嬢[じょう]ちゃん,little daughter,
雄,雄[おす],male (animal),
汚染,汚[お] 染[せん],pollution,
襲う,襲[おそ]う,to attack,
恐らく,恐[おそ]らく,perhaps,
恐れる,恐[おそ]れる,to fear,
恐ろしい,恐[おそ]ろしい,terrible,
お互いに,お 互[たが]いに,"each other, mutually",
穏やか,穏[おだ]やか,"calm, mild",
落ち込む,落[お]ち 込[こ]む,to be depressed,
おっとり,おっとり,"gentle, easy-going",
お父様,お 父[とう] 様[さま],father,
おどおど,おどおど,anxiously,
驚く,驚[おどろ]く,to be surprised,
同い年,同[おな]い 年[どし],same age,
各々,各[おの] 々[おの],each,
オフィス街,オフィス 街[がい],office street/area,
（お）坊ちゃん,（お） 坊[ぼっ]ちゃん,boy,
お盆,お 盆[ぼん],tray,
主,主[おも],main,
思いがけない,思[おも]いがけない,unexpected,
思い切って,思[おも]い 切[き]って,daringly,
思い切り,思[おも]い 切[き]り,to one's heart's content,
思い込む,思[おも]い 込[こ]む,to be under the impression,
思いっ切り,思[おも]いっ 切[き]り,with all one's heart,
思いつく,思[おも]いつく,"to hit upon, to come up with",
思いのほか,思[おも]いのほか,unexpectedly,
面白み,面[おも] 白[しろ]み,fun,
主に,主[おも]に,mainly,
重み,重[おも]み,"dignity, weight",
思わず,思[おも]わず,"accidentally, automatically",
親孝行,親[おや] 孝[こう] 行[こう],dutiful to one's parents,
およそ,およそ,about,
及ぶ,及[およ]ぶ,"to reach, to extend",
及ぼす,及[およ]ぼす,"to exert, to cause",
お詫び,お 詫[わ]び,apology,
恩,恩[おん],"obligation, debt of gratitude",
音声,音[おん] 声[せい],sound,
温泉街,温[おん] 泉[せん] 街[がい],spa town,
温暖,温[おん] 暖[だん],warm,
温暖化,温[おん] 暖[だん] 化[か],global warming,
おんぶ,おんぶ,piggyback ride,
オンライン～,オンライン～,online ～,
オンラインショッピング,オンラインショッピング,online shopping,
オンラインショップ,オンラインショップ,online shop,
～化,～ 化[か],"-ise, -ify, turn into ～",
～家,～ 家[か],"-er, -or, -ist (performer of an activity)",
～界,～ 界[かい],～ world,
～街,～ 街[がい],～ area/town,
会員証,会[かい] 員[いん] 証[しょう],membership card,
開花,開[かい] 花[か],blooming,
改革,改[かい] 革[かく],reform,
海岸沿い,海[かい] 岸[がん] 沿[ぞ]い,along the coast,
会計士,会[かい] 計[けい] 士[し],accountant,
解決,解[かい] 決[けつ],solution,
解決済み,解[かい] 決[けつ] 済[ず]み,resolved,
外交官,外[がい] 交[こう] 官[かん],diplomat,
外交政策,外[がい] 交[こう] 政[せい] 策[さく],foreign policy,
回収,回[かい] 収[しゅう],collection,
解消,解[かい] 消[しょう],"dissolution, getting rid of",
外相,外[がい] 相[しょう],foreign minister,
海水浴場,海[かい] 水[すい] 浴[よく] 場[じょう],"bathing area, beach",
回数券,回[かい] 数[すう] 券[けん],book of tickets,
快晴,快[かい] 晴[せい],clear and sunny,
改正,改[かい] 正[せい],revision,
改正案,改[かい] 正[せい] 案[あん],proposed amendment,
解説,解[かい] 説[せつ],commentary,
改善,改[かい] 善[ぜん],improvement,
改造,改[かい] 造[ぞう],remodelling,
会談,会[かい] 談[だん],"conference, talk",
改築,改[かい] 築[ちく],rebuilding,
改訂版,改[かい] 訂[てい] 版[ばん],revised edition,
開発,開[かい] 発[はつ],development,
回復,回[かい] 復[ふく],recovery,
外務省,外[がい] 務[む] 省[しょう],Ministry of Foreign Affairs,
外務大臣,外[がい] 務[む] 大[だい] 臣[じん],foreign minister,
改良,改[かい] 良[りょう],improvement,
帰す,帰[かえ]す,to send home,
かえって,かえって,"instead, on the contrary",
顔が広い,顔[かお]が 広[ひろ]い,to know a lot of people,
顔つき,顔[かお]つき,"looks, facial expression",
香り,香[かお]り,fragrance,
顔を貸す,顔[かお]を 貸[か]す,"to join, to come along",
顔を出す,顔[かお]を 出[だ]す,to make an appearance,
価格,価[か] 格[かく],price,
化学,化[か] 学[がく],chemistry,
科学,科[か] 学[がく],science,
科学者,科[か] 学[がく] 者[しゃ],scientist,
科学的,科[か] 学[がく] 的[てき],scientific,
かかる,かかる,"to get, to catch",
書き上がる,書[か]き 上[あ]がる,to finish writing,
書き直す,書[か]き 直[なお]す,to rewrite,
かく,かく,"to (sweat, snore, etc.)",
各～,各[かく]～,each ～,
かぐ,かぐ,to smell,
家具,家[か] 具[ぐ],furniture,
～学,～ 学[がく],"branch of study, -ology",
隠す,隠[かく]す,to hide,
学生証,学[がく] 生[せい] 証[しょう],student ID card,
拡大,拡[かく] 大[だい],"enlargement, magnification",反.  縮[しゅく] 小[しょう]<br>shrink
各分野,各[かく] 分[ぶん] 野[や],each field/area,
確保,確[かく] 保[ほ],securement,
各方面,各[かく] 方[ほう] 面[めん],various quarters/sides,
革命,革[かく] 命[めい],revolution,
学力,学[がく] 力[りょく],scholastic ability,
影,影[かげ],"reflection, shadow",
陰,陰[かげ],behind,
がけ崩れ,がけ 崩[くず]れ,landslide,
駆け込む,駆[か]け 込[こ]む,to rush into,
掛け算,掛[か]け 算[ざん],multiplication,
かける,かける,"to place, to impose",
掛ける,掛[か]ける,"to multiply, to times",
～かける,～かける,to start -ing,
過去,過[か] 去[こ],past,
家事,家[か] 事[じ],housework,
貸し出す,貸[か]し 出[だ]す,to lend,
果実,果[か] 実[じつ],fruit,
かじる,かじる,to take a bite out of,
風邪気味,風邪[かぜ] 気[ぎ] 味[み],slight cold,
稼ぐ,稼[かせ]ぐ,to earn,
河川,河[か] 川[せん],river,
家族連れ,家[か] 族[ぞく] 連[づ]れ,accompanied by family,
型,型[かた],"mold, model, form",
片～,片[かた]～,one (of two) ～,
課題,課[か] 題[だい],"task, challenge",
形,形[かたち],"shape, style",
片ひざ,片[かた]ひざ,one knee,
固まる,固[かた]まる,"to harden, to solidify (vi.)",
片道,片[かた] 道[みち],one way,"反.  往[おう] 復[ふく]<br>both ways, round trip"
傾く,傾[かたむ]く,"to lean, to decline",
固める,固[かた]める,"to harden, to stiffen (vt.)",
肩を落とす,肩[かた]を 落[お]とす,"to be disappointed, to be let down",
肩を貸す,肩[かた]を 貸[か]す,to lend somebody one's shoulder (to lean on),
～学科,～ 学[がっ] 科[か],"～ science, department of ～",
学会,学[がっ] 会[かい],academic conference,
がっかり,がっかり,to be disappointed,
活気,活[かっ] 気[き],lively,
担ぐ,担[かつ]ぐ,to carry on one's shoulder,
勝手,勝[かっ] 手[て],"do as one pleases, on one's own, without permission, selfish",
かつて,かつて,"once, before",
～活動,～ 活[かつ] 動[どう],～ activities,
活発,活[かっ] 発[ぱつ],lively,
活躍,活[かつ] 躍[やく],"active part, success",
活用法,活[かつ] 用[よう] 法[ほう],usage,
悲しみ,悲[かな]しみ,sadness,
悲しむ,悲[かな]しむ,"to feel sad, to feel sorry for",
必ずしも,必[かなら]ずしも,not always/necessarily,
加熱,加[か] 熱[ねつ],heating,
金遣い,金[かね] 遣[づか]い,spending money,
かび,かび,mold,
株,株[かぶ],stock,
株式,株[かぶ] 式[しき],company stock,
花粉,花[か] 粉[ふん],pollen,
構う,構[かま]う,to take care of,
神,神[かみ],god,
かみそり,かみそり,razor,
科目,科[か] 目[もく],subject,
かゆみ,かゆみ,itch,
柄,柄[がら],pattern,
体つき,体[からだ]つき,build,
辛み,辛[から]み,hot flavour,
刈る,刈[か]る,"to cut, to harvest",
乾かす,乾[かわ]かす,to dry,
川沿い,川[かわ] 沿[ぞ]い,river side,
勘,勘[かん],intuition,
缶,缶[かん],can,
～官,～ 官[かん],～ official,
～感,～ 感[かん],feeling/sense of ～,
考え直す,考[かんが]え 直[なお]す,"to rethink, to reconsider",
間隔,間[かん] 隔[かく],"space, interval",
観客,観[かん] 客[きゃく],"audience, spectator",
環境破壊,環[かん] 境[きょう] 破[は] 壊[かい],environmental destruction,
環境保護,環[かん] 境[きょう] 保[ほ] 護[ご],environmental protection,
歓迎会,歓[かん] 迎[げい] 会[かい],welcome party,反.  送[そう] 別[べつ] 会[かい]<br>farewell party
看護師,看[かん] 護[ご] 師[し],nurse,
患者,患[かん] 者[じゃ],patient,
勘定,勘[かん] 定[じょう],"calculation, counting",
感染,感[かん] 染[せん],infection,
官庁街,官[かん] 庁[ちょう] 街[がい],government office quarter,
監督,監[かん] 督[とく],coach,
看病,看[かん] 病[びょう],nurse,
管理,管[かん] 理[り],"management, care",
管理職,管[かん] 理[り] 職[しょく],management,
～機,～ 機[き],～ machine,
～器,～ 器[き],～ instrument,
気が合う,気[き]が 合[あ]う,to get along with,
危害,危[き] 害[がい],harm,
気が多い,気[き]が 多[おお]い,to be open to many things,
気が重い,気[き]が 重[おも]い,to feel depressed,
気が利く,気[き]が 利[き]く,smart,
気が進まない,気[き]が 進[すす]まない,to be not in the mood for,
気が済む,気[き]が 済[す]む,"to be satisfied, to feel fine",
気が小さい,気[き]が 小[ちい]さい,timid,
気が散る,気[き]が 散[ち]る,to get distracted,
気が早い,気[き]が 早[はや]い,hasty,
気が短い,気[き]が 短[みじか]い,short-tempered,
気が向く,気[き]が 向[む]く,to feel like,
気軽,気[き] 軽[がる],"casual, light-hearted",
～機関,～ 機[き] 関[かん],～ institution,
期間中,期[き] 間[かん] 中[ちゅう],during the period,
～危機,～ 危[き] 機[き],～ crisis,
危機感,危[き] 機[き] 感[かん],sense of impending crisis,
効く,効[き]く,to be effective,
機嫌,機[き] 嫌[げん],mood,
危険性,危[き] 険[けん] 性[せい],dangerousness,
気候,気[き] 候[こう],climate,
気候変動,気[き] 候[こう] 変[へん] 動[どう],climate change,
既婚者,既[き] 婚[こん] 者[しゃ],married person,
刻む,刻[きざ]む,to chop,
岸,岸[きし],coast,反.  沖[おき]<br>out to sea
記事,記[き] 事[じ],article,
記者,記[き] 者[しゃ],"journalist, reporter",
技術的,技[ぎ] 術[じゅつ] 的[てき],technical,
築く,築[きず]く,to build,
着せる,着[き]せる,to dress,
貴族,貴[き] 族[ぞく],aristocracy,
規則正しい,規[き] 則[そく] 正[ただ]しい,regular,
貴重,貴[き] 重[ちょう],valuable,
気遣い,気[き] 遣[づか]い,concern,
きっかけ,きっかけ,opportunity,
ぎっしり,ぎっしり,tightly,
きっぱり,きっぱり,"flatly, decisively",
起動,起[き] 動[どう],"start-up, activation",
気に入る,気[き]に 入[い]る,to like,
気に掛かる,気[き]に 掛[か]かる,to be concerned about,
気に食わない,気[き]に 食[く]わない,to dislike,
気にする,気[き]にする,to be concerned about,
～機能,～ 機[き] 能[のう],～ function,
気の毒,気[き]の 毒[どく],feeling sorry for,
きびきび,きびきび,"briskly, energetically",
寄付金,寄[き] 付[ふ] 金[きん],donation,
規模,規[き] 模[ぼ],scale,
希望,希[き] 望[ぼう],"hope, wish",
気まぐれ,気[き]まぐれ,whimsy,
気まずい,気[き]まずい,awkward,
期末試験,期[き] 末[まつ] 試[し] 験[けん],end-of-term exam,
決まって,決[き]まって,"always, without fail",
～気味,～ 気[ぎ] 味[み],"a touch of ～, a little ～",
逆～,逆[ぎゃく]～,reverse/opposite/inverse ～,
客席,客[きゃく] 席[せき],audience/guest seats,
球,球[きゅう],sphere,
旧～,旧[きゅう]～,old ～,
急～,急[きゅう]～,rapid/sudden/sharp ～,
休暇,休[きゅう] 暇[か],holiday,
急カーブ,急[きゅう]カーブ,sharp curve,
休業,休[きゅう] 業[ぎょう],"closure, shutdown",
休憩,休[きゅう] 憩[けい],break,
休講,休[きゅう] 講[こう],lecture cancellation,
救済,救[きゅう] 済[さい],"help, relief",
旧市街,旧[きゅう] 市[し] 街[がい],old town,
急上昇,急[きゅう] 上[じょう] 昇[しょう],sudden rise,
旧姓,旧[きゅう] 姓[せい],maiden name,
急接近,急[きゅう] 接[せっ] 近[きん],rapid approach,
休息,休[きゅう] 息[そく],rest,
旧体制,旧[きゅう] 体[たい] 制[せい],old system,
急展開,急[きゅう] 展[てん] 開[かい],rapid development,
急テンポ,急[きゅう]テンポ,quick tempo,
牛乳パック,牛[ぎゅう] 乳[にゅう]パック,milk carton,
急ブレーキ,急[きゅう]ブレーキ,sudden braking,
休養,休[きゅう] 養[よう],"rest, recreation",
給料,給[きゅう] 料[りょう],salary,
器用,器[き] 用[よう],"dexterity, skilfulness",反.  不[ぶ] 器[き] 用[よう]<br>clumsy
～業,～ 業[ぎょう],～ industry,
教育実習,教[きょう] 育[いく] 実[じっ] 習[しゅう],teaching practice,
教員,教[きょう] 員[いん],teaching staff,
強化,強[きょう] 化[か],strengthening,
教科書,教[きょう] 科[か] 書[しょ],textbook,
競技,競[きょう] 技[ぎ],competition,
競技場,競[きょう] 技[ぎ] 場[じょう],stadium,
供給,供[きょう] 給[きゅう],supply,
教師,教[きょう] 師[し],teacher,
行事,行[ぎょう] 事[じ],event,
教授,教[きょう] 授[じゅ],professor,
業績,業[ぎょう] 績[せき],accomplishment,
競争率,競[きょう] 争[そう] 率[りつ],competition rate,
興味深い,興[きょう] 味[み] 深[ぶか]い,interesting,
行列,行[ぎょう] 列[れつ],"line, queue",
許可証,許[きょ] 可[か] 証[しょう],"licence, permit",
曲,曲[きょく],"number, piece of music",
距離,距[きょ] 離[り],distance,
嫌う,嫌[きら]う,to hate,
気楽,気[き] 楽[らく],carefree,
霧,霧[きり],fog,
議論,議[ぎ] 論[ろん],discussion,
極めて,極[きわ]めて,extremely,
気を落とす,気[き]を 落[お]とす,to be discouraged,
気を遣う,気[き]を 遣[つか]う,"to take care of, to be considerate",
気を取られる,気[き]を 取[と]られる,to be distracted,
菌,菌[きん],fungus,
～金,～ 金[きん],～ fee,
金額,金[きん] 額[がく],amount of money,
銀行口座,銀[ぎん] 行[こう] 口[こう] 座[ざ],bank account,
金属製,金[きん] 属[ぞく] 製[せい],made of metal,
緊張,緊[きん] 張[ちょう],"strain, tension",
緊張感,緊[きん] 張[ちょう] 感[かん],tense atmosphere,
金融界,金[きん] 融[ゆう] 界[かい],financial world,
金融危機,金[きん] 融[ゆう] 危[き] 機[き],financial crisis,
～具,～ 具[ぐ],～ gear/implement,
クイズ番組,クイズ 番[ばん] 組[ぐみ],quiz show,
食う,食[く]う,to eat,
空間,空[くう] 間[かん],space,
偶然,偶[ぐう] 然[ぜん],"by accident, by chance",
茎,茎[くき],stalk,
腐る,腐[くさ]る,"to go bad/off, to rot",
くし,くし,comb,
くしゃみ,くしゃみ,sneeze,
苦情,苦[く] 情[じょう],complaint,
崩す,崩[くず]す,"to break, to demolish",
～崩れ,～ 崩[くず]れ,～ slide,
具体性,具[ぐ] 体[たい] 性[せい],concreteness,
具体的,具[ぐ] 体[たい] 的[てき],concrete,
くたくた,くたくた,exhausted,
くたびれる,くたびれる,to be exhausted,
くだらない,くだらない,"stupid, trashy",
下り電車,下[くだ]り 電[でん] 車[しゃ],down train,
口がうまい,口[くち]がうまい,smooth talker,
口が重い,口[くち]が 重[おも]い,taciturn,
口が堅い,口[くち]が 堅[かた]い,tight-lipped,
口が軽い,口[くち]が 軽[かる]い,to be a blabbermouth,
口が滑る,口[くち]が 滑[すべ]る,to make a slip of the tongue,
口に合う,口[くち]に 合[あ]う,to suit someone's taste,
口にする,口[くち]にする,to talk,
口に出す,口[くち]に 出[だ]す,to say,
ぐちゃぐちゃ,ぐちゃぐちゃ,messy,
口を出す,口[くち]を 出[だ]す,"to have one's say (in an unconnected matter), to interfere",
苦痛,苦[く] 痛[つう],pain,
くっきり,くっきり,clearly,
ぐったり,ぐったり,dead-tired,
ぐっと,ぐっと,much,
くつろぐ,くつろぐ,to relax,
くどい,くどい,"long-winded, greasy, gaudy",
首にする,首[くび]にする,to fire from a job,
首になる,首[くび]になる,to be fired,
クマ,クマ,bear,
組み～,組[く]み～,combining/integrating ～,
組み合わせる,組[く]み 合[あ]わせる,to combine,
組み込む,組[く]み 込[こ]む,to integrate,
組み立て式,組[く]み 立[た]て 式[しき],"ready-to assemble, collapsible",
組み立てる,組[く]み 立[た]てる,"to assemble, to put together",
悔やむ,悔[く]やむ,to regret,
くよくよ,くよくよ,brooding over,
暮らしぶり,暮[く]らしぶり,way of life,
グラフ,グラフ,graph,
狂う,狂[くる]う,to go crazy/mad,
苦しみ,苦[くる]しみ,suffering,
苦しむ,苦[くる]しむ,to suffer,
くるむ,くるむ,to wrap,
クレーム,クレーム,to claim,
暮れる,暮[く]れる,to get dark,
黒字,黒[くろ] 字[じ],surplus,
加える,加[くわ]える,"to do (harm) to, to inflict ～ on",
詳しい,詳[くわ]しい,detailed,
加わる,加[くわ]わる,"to join, to participate",
訓練,訓[くん] 練[れん],training,
軽～,軽[けい]～,light/minor ～,
～計,～ 計[けい],～ metre/scale,
敬意,敬[けい] 意[い],respect,
経営,経[けい] 営[えい],management,
経営方針,経[けい] 営[えい] 方[ほう] 針[しん],management policy,
経過,経[けい] 過[か],passage,
警戒,警[けい] 戒[かい],"warning, caution",
景気,景[けい] 気[き],business climate/conditions,
契機,契[けい] 機[き],opportunity,
軽金属,軽[けい] 金[きん] 属[ぞく],light metal,
軽減,軽[けい] 減[げん],reduction,
敬語,敬[けい] 語[ご],honorific expression,
軽工業,軽[けい] 工[こう] 業[ぎょう],light industry,
経済危機,経[けい] 済[ざい] 危[き] 機[き],economic crisis,
計算,計[けい] 算[さん],calculation,
計算違い,計[けい] 算[さん] 違[ちが]い,miscalculation,
形式的,形[けい] 式[しき] 的[てき],formal,
携帯電話,携[けい] 帯[たい] 電[でん] 話[わ],mobile phone [cell phone],
携帯用,携[けい] 帯[たい] 用[よう],for portable use,
毛糸,毛[け] 糸[いと],wool,
芸能界,芸[げい] 能[のう] 界[かい],show business,
軽犯罪,軽[けい] 犯[はん] 罪[ざい],minor offence,
警備員,警[けい] 備[び] 員[いん],security guard,
～警報,～ 警[けい] 報[ほう],～ warning,
外科,外[げ] 科[か],surgery,
劇場,劇[げき] 場[じょう],theatre,
下車,下[げ] 車[しゃ],alighting,反.  乗[じょう] 車[しゃ]<br>boarding
下旬,下[げ] 旬[じゅん],last part of the month,
下水道,下[げ] 水[すい] 道[どう],"sewer, sewerage system",
削る,削[けず]る,"to plane, to shave, to sharpen",
けち,けち,stingy,
血圧,血[けつ] 圧[あつ],blood pressure,
血圧計,血[けつ] 圧[あつ] 計[けい],blood pressure gauge,
月給,月[げっ] 給[きゅう],monthly salary,
結局,結[けっ] 局[きょく],finally,
結構,結[けっ] 構[こう],quite,
結婚相手,結[けっ] 婚[こん] 相[あい] 手[て],marriage partner,
傑作,傑[けっ] 作[さく],masterpiece,
決して,決[けっ]して,"by no means, never",
月末,月[げつ] 末[まつ],end of the month,
けなす,けなす,to belittle,
険しい,険[けわ]しい,"steep, severe",
～券,～ 券[けん],～ ticket/pass,
現～,現[げん]～,present ～,
謙虚,謙[けん] 虚[きょ],modest,反.  生[なま] 意[い] 気[き]<br>cheeky
現金,現[げん] 金[きん],cash,
検索,検[けん] 索[さく],search,
原産,原[げん] 産[さん],origin,
現時点,現[げん] 時[じ] 点[てん],present moment,
研修,研[けん] 修[しゅう],training,
減少,減[げん] 少[しょう],decrease,反.  増[ぞう] 加[か]<br>increase
現状,現[げん] 状[じょう],present state,
建設業,建[けん] 設[せつ] 業[ぎょう],construction industry,
現代語,現[げん] 代[だい] 語[ご],modern language,
現代語訳,現[げん] 代[だい] 語[ご] 訳[やく],translation into modern language,
現代風,現[げん] 代[だい] 風[ふう],contemporary,
現段階,現[げん] 段[だん] 階[かい],current stage,
建築家,建[けん] 築[ちく] 家[か],architect,
建築士,建[けん] 築[ちく] 士[し],architect,
限定版,限[げん] 定[てい] 版[ばん],limited edition,
現場,現[げん] 場[ば],"scene (of a crime, accident, etc.)",
憲法,憲[けん] 法[ぽう],constitution,
権力,権[けん] 力[りょく],"power, authority",
小～,小[こ]～,small ～,
高～,高[こう]～,high ～,
好～,好[こう]～,good ～,
合意,合[ごう] 意[い],agreement,
強引,強[ごう] 引[いん],"aggressive, forceful",
好印象,好[こう] 印[いん] 象[しょう],good impression,
豪華,豪[ごう] 華[か],gorgeous,
後悔,後[こう] 悔[かい],regret,
公害,公[こう] 害[がい],pollution,
高学歴,高[こう] 学[がく] 歴[れき],higher education,
高カロリー,高[こう]カロリー,high calorie,
交換,交[こう] 換[かん],exchange,
高気圧,高[こう] 気[き] 圧[あつ],high atmospheric pressure,
好奇心,好[こう] 奇[き] 心[しん],curiosity,
高機能,高[こう] 機[き] 能[のう],high functioning,
公共政策,公[こう] 共[きょう] 政[せい] 策[さく],public policy,
航空券,航[こう] 空[くう] 券[けん],air ticket,
工芸,工[こう] 芸[げい],crafts,
高血圧,高[こう] 血[けつ] 圧[あつ],high blood pressure,
貢献,貢[こう] 献[けん],contribution,
広告費,広[こう] 告[こく] 費[ひ],advertising cost,
交際,交[こう] 際[さい],association,
交際費,交[こう] 際[さい] 費[ひ],social expenses,
子ウサギ,子[こ]ウサギ,baby rabbit,
講師,講[こう] 師[し],lecturer,
子牛,子[こ] 牛[うし],calf,
交渉,交[こう] 渉[しょう],negotiation,
向上,向[こう] 上[じょう],improvement,
降水量,降[こう] 水[すい] 量[りょう],amount of rainfall,
高性能,高[こう] 性[せい] 能[のう],high performance,
高速バス,高[こう] 速[そく]バス,express bus,
好対照,好[こう] 対[たい] 照[しょう],good contrast,
交通機関,交[こう] 通[つう] 機[き] 関[かん],"means of transportation, transport facilities",
交通事故,交[こう] 通[つう] 事[じ] 故[こ],traffic accident,
高度,高[こう] 度[ど],advanced,
強盗,強[ごう] 盗[とう],robber,
強盗事件,強[ごう] 盗[とう] 事[じ] 件[けん],robbery,
光熱費,光[こう] 熱[ねつ] 費[ひ],utility costs,
後輩,後[こう] 輩[はい],junior,
紅葉、紅葉,紅[こう] 葉[よう]、 紅葉[もみじ],autumn colour of leaves,
効率,効[こう] 率[りつ],efficiency,
高齢化,高[こう] 齢[れい] 化[か],ageing (of the population),
超える,超[こ]える,to exceed,
コーチ,コーチ,coach,
誤解,誤[ご] 解[かい],misunderstanding,
焦がす,焦[こ]がす,to burn,
国語,国[こく] 語[ご],national language,
国際欄,国[こく] 際[さい] 欄[らん],international column/section,
国際連合,国[こく] 際[さい] 連[れん] 合[ごう],United Nations,cf.  国[こく] 連[れん]<br>UN (abbr.)
国立大学,国[こく] 立[りつ] 大[だい] 学[がく],national university,反.  私[し] 立[りつ] 大[だい] 学[がく]<br>private university
焦げる,焦[こ]げる,to burn,
凍える,凍[こご]える,to freeze,
心が狭い,心[こころ]が 狭[せま]い,to be narrow-minded,
心が広い,心[こころ]が 広[ひろ]い,to be big-hearted,
心を痛める,心[こころ]を 痛[いた]める,to be pained,
心を込める,心[こころ]を 込[こ]める,to do whole-heartedly,
腰掛ける,腰[こし] 掛[か]ける,to sit,"反.  立[た]ち 上[あ]がる<br>to rise, to stand up"
こしょう,こしょう,pepper,
故人,故[こ] 人[じん],deceased,
個人～,個[こ] 人[じん]～,personal/individual ～,
個人競技,個[こ] 人[じん] 競[きょう] 技[ぎ],individual sports,
個人旅行,個[こ] 人[じん] 旅[りょ] 行[こう],individual travel,反.  団[だん] 体[たい] 旅[りょ] 行[こう]<br>group tour
コスト,コスト,cost,
国家,国[こっ] 家[か],"country, nation",
国会,国[こっ] 会[かい],"national assembly, the Diet",
小遣い帳,小[こ] 遣[づか]い 帳[ちょう],pocket money spending book,
こつこつ,こつこつ,steadily,
骨折,骨[こっ] 折[せつ],bone fracture,
古典,古[こ] 典[てん],classic,
古典的,古[こ] 典[てん] 的[てき],classical,
言葉遣い,言[こと] 葉[ば] 遣[づか]い,"wording, phrasing",
子ども扱い,子[こ]ども 扱[あつか]い,treating like a child,
子供連れ,子[こ] 供[ども] 連[づ]れ,accompanied by children,
好み,好[この]み,"liking, taste",反.  苦[にが] 手[て]<br>weak/poor at ～
コピー,コピー,copy,
（ご）夫妻,（ご） 夫[ふ] 妻[さい],husband and wife,
こぼす,こぼす,to spill,
こぼれる,こぼれる,to overflow,
コマーシャル,コマーシャル,commercial,
コミュニケーション,コミュニケーション,communication,
～込む,～ 込[こ]む,into,
小屋,小[こ] 屋[や],hut,
娯楽,娯[ご] 楽[らく],"amusement, entertainment",
娯楽番組,娯[ご] 楽[らく] 番[ばん] 組[ぐみ],entertainment programme,
殺し合う,殺[ころ]し 合[あ]う,to kill each other,
殺す,殺[ころ]す,to kill,
今～,今[こん]～,this ～,
今学期,今[こん] 学[がっ] 期[き],this term,
今後,今[こん] 後[ご],from now on,
混雑,混[こん] 雑[ざつ],congestion,
今シーズン,今[こん]シーズン,this season,
今世紀,今[こん] 世[せい] 紀[き],this century,
献立,献[こん] 立[だて],menu,
昆虫,昆[こん] 虫[ちゅう],insect,
コントロール,コントロール,control,
今年度,今[こん] 年[ねん] 度[ど],this financial [fiscal] year,
婚約,婚[こん] 約[やく],engagement,
混乱,混[こん] 乱[らん],confusion,
～差,～ 差[さ],difference between/in,
～さ,～さ,(used to turn adjectives into nouns),
再～,再[さい]～,re-,
最～,最[さい]～,most ～,
再インストール,再[さい]インストール,reinstall,
災害,災[さい] 害[がい],disaster,
在学中,在[ざい] 学[がく] 中[ちゅう],at school,
再起動,再[さい] 起[き] 動[どう],restart,
細菌,細[さい] 菌[きん],bacteria,
最高気温,最[さい] 高[こう] 気[き] 温[おん],highest temperature,
再三,再[さい] 三[さん],again and again,
財政的,財[ざい] 政[せい] 的[てき],financial,
最前列,最[さい] 前[ぜん] 列[れつ],front row,
最大,最[さい] 大[だい],biggest,
最低気温,最[さい] 低[てい] 気[き] 温[おん],lowest temperature,
採点,採[さい] 点[てん],scoring,
才能,才[さい] 能[のう],ability,
栽培,栽[さい] 培[ばい],cultivation,
再発防止,再[さい] 発[はつ] 防[ぼう] 止[し],prevention of recurrence,
裁判,裁[さい] 判[ばん],trial,
裁判官,裁[さい] 判[ばん] 官[かん],judge,
裁判所,裁[さい] 判[ばん] 所[しょ],courthouse,
裁縫,裁[さい] 縫[ほう],sewing,
再放送,再[さい] 放[ほう] 送[そう],"rebroadcast, repeat",
財務相,財[ざい] 務[む] 相[しょう],finance minister,
財務省,財[ざい] 務[む] 省[しょう],Ministry of Finance,
最優先,最[さい] 優[ゆう] 先[せん],highest priority,
最有力,最[さい] 有[ゆう] 力[りょく],most dominant,
栄える,栄[さか]える,to flourish,
探し回る,探[さが]し 回[まわ]る,to look around,
逆らう,逆[さか]らう,"to defy, to go against",
～先,～ 先[さき],(used to mean the other party),
詐欺,詐[さ] 欺[ぎ],fraud,
索引,索[さく] 引[いん],index,
削減,削[さく] 減[げん],reduction,
削除,削[さく] 除[じょ],deletion,
作成,作[さく] 成[せい],making,
作物,作[さく] 物[もつ],crop,
避ける,避[さ]ける,to avoid,
差し～,差[さ]し～,(emphatic or polite prefix),
差し押さえる,差[さ]し 押[お]さえる,to seize,
差しかかる,差[さ]しかかる,to approach,
差し出す,差[さ]し 出[だ]す,to hold out,
差し支えない,差[さ]し 支[つか]えない,having no objection,
差し引く,差[さ]し 引[ひ]く,to deduct,
刺身,刺[さし] 身[み],sashimi,
座席,座[ざ] 席[せき],seat,
定める,定[さだ]める,to enact,
撮影,撮[さつ] 影[えい],filming,
撮影所,撮[さつ] 影[えい] 所[じょ],studio,
作家,作[さっ] 家[か],writer,
さっさと,さっさと,quickly,
殺人事件,殺[さつ] 人[じん] 事[じ] 件[けん],murder case,
早速,早[さっ] 速[そく],immediately,
ざっと,ざっと,roughly,
さっぱり,さっぱり,"refreshing, completely",
砂漠,砂[さ] 漠[ばく],desert,
砂漠化,砂[さ] 漠[ばく] 化[か],desertification,
寂しさ,寂[さび]しさ,"sadness, loneliness",
作法,作[さ] 法[ほう],manners,
サポート,サポート,support,
サボる,サボる,to skip,
さます,さます,"to get sober, to wake up",
冷める,冷[さ]める,to cool,
さめる,さめる,to become sober,
更に,更[さら]に,further,
騒がしい,騒[さわ]がしい,noisy,
～産,～ 産[さん],"product of ～, -made",
産業別,産[さん] 業[ぎょう] 別[べつ],by industry,
参考～,参[さん] 考[こう]～,reference ～,
参考書,参[さん] 考[こう] 書[しょ],reference book,
参考文献,参[さん] 考[こう] 文[ぶん] 献[けん],reference literature,
産出量,産[さん] 出[しゅつ] 量[りょう],output,
三世代,三[さん] 世[せ] 代[だい],three generations,
三人姉妹,三[さん] 人[にん] 姉[し] 妹[まい],three sisters,
三人連れ,三[さん] 人[にん] 連[づ]れ,party of three,
サンプル,サンプル,sample,
～氏,～ 氏[し],Mr./Ms. ～,
～士,～ 士[し],"-er, person (in a profession)",
～師,～ 師[し],member (of a profession),
～児,～ 児[じ],～ child,
仕上がる,仕[し] 上[あ]がる,to be finished,
飼育,飼[し] 育[いく],breeding,
シーズン,シーズン,season,
強いる,強[し]いる,"to force, to thrust",
自営業,自[じ] 営[えい] 業[ぎょう],"family-operated business, self-employment",
塩辛い,塩[しお] 辛[から]い,salty,
時間割,時[じ] 間[かん] 割[わり],timetable,
～式,～ 式[しき],"～ ceremony, ～ style/system",
至急,至[し] 急[きゅう],urgent,
試供品,試[し] 供[きょう] 品[ひん],sample,
しきりに,しきりに,frequently,
資金,資[し] 金[きん],"funds, money",
～資源,～ 資[し] 源[げん],～ resources,
～事件,～ 事[じ] 件[けん],～ incident/case,
地獄,地[じ] 獄[ごく],hell,反.  天[てん] 国[ごく]<br>heaven
仕事仲間,仕[し] 事[ごと] 仲[なか] 間[ま],"workmate, colleague",
仕事ぶり,仕[し] 事[ごと]ぶり,"job performance, way of working",
資産,資[し] 産[さん],asset,
指示,指[し] 示[じ],"instructions, directions",
自習,自[じ] 習[しゅう],self-study,
市場,市[し] 場[じょう],market,
システム,システム,system,
静まる,静[しず]まる,to subside (vi.),
沈む,沈[しず]む,to sink,
静める,静[しず]める,to calm (vt.),
姿勢,姿[し] 勢[せい],posture,
事前,事[じ] 前[ぜん],in advance,
自然科学,自[し] 然[ぜん] 科[か] 学[がく],natural science,
自然環境,自[し] 然[ぜん] 環[かん] 境[きょう],natural environment,
自然破壊,自[し] 然[ぜん] 破[は] 壊[かい],destruction of nature,
自然保護,自[し] 然[ぜん] 保[ほ] 護[ご],nature conservation,
子孫,子[し] 孫[そん],descendant,反.  祖[そ] 先[せん]<br>ancestor
次第に,次[し] 第[だい]に,gradually,
従う,従[したが]う,to obey,反.  違[い] 反[はん]する<br>to violate
親しい,親[した]しい,close,
親しみ,親[した]しみ,familiarity,
親しむ,親[した]しむ,to be friendly,
質,質[しつ],quality,
実家,実[じっ] 家[か],family home,
失業,失[しつ] 業[ぎょう],unemployment,
失業率,失[しつ] 業[ぎょう] 率[りつ],unemployment rate,
じっくり,じっくり,carefully and deliberately,
実験,実[じっ] 験[けん],"experiment, test",
しつこい,しつこい,"persistent, stubborn",
実施,実[じっ] 施[し],implementation,
湿度,湿[しつ] 度[ど],humidity,
しっとり,しっとり,moist,
実に,実[じつ]に,truly,
執筆,執[しっ] 筆[ぴつ],writing,
失望,失[しつ] 望[ぼう],disappointment,
実用化,実[じつ] 用[よう] 化[か],practical application,
失恋,失[しつ] 恋[れん],broken heart,
指定,指[し] 定[てい],designation,
指導,指[し] 導[どう],guidance,
児童,児[じ] 童[どう],child,
次年度,次[じ] 年[ねん] 度[ど],next financial [fiscal] year,
支配,支[し] 配[はい],"control, rule",
芝居,芝[しば] 居[い],play,
しばしば,しばしば,often,
支払い,支[し] 払[はら]い,payment,
支払う,支[し] 払[はら]う,to pay,
縛る,縛[しば]る,"to tie, to restrict",
地盤,地[じ] 盤[ばん],"foundation, ground",
しびれる,しびれる,to become numb,
死亡事故,死[し] 亡[ぼう] 事[じ] 故[こ],fatal accident,
絞る,絞[しぼ]る,"to wring, to focus on ～",
搾る,搾[しぼ]る,to squeeze,
資本金,資[し] 本[ほん] 金[きん],capital,
しま模様,しま 模[も] 様[よう],stripped pattern,
自慢,自[じ] 慢[まん],pride,
地味,地[じ] 味[み],plain,"反.  派[は] 手[で]<br>colourful, showy"
染み込む,染[し]み 込[こ]む,"to permeate, to soak into",
しみじみ,しみじみ,deeply,
染みる,染[し]みる,"to soak, to pierce, to be deeply moved",
～しむ,～しむ,(turns adjectives into verbs),
じめじめ,じめじめ,gloomy,
～者,～ 者[しゃ],"～ person, -er",
ジャーナリスト,ジャーナリスト,journalist,
シャイ,シャイ,shy,
社会科学,社[しゃ] 会[かい] 科[か] 学[がく],social science,
しゃがむ,しゃがむ,"to squat, to crouch",
若干,若[じゃっ] 干[かん],"a bit, slightly",
借金,借[しゃっ] 金[きん],debt,
しゃっくり,しゃっくり,hiccup,
しゃぶる,しゃぶる,to suck,
しゃれ,しゃれ,"joke, pun",
ジャンル,ジャンル,"genre, field",
主～,主[しゅ]～,main/principal ～,
重～,重[じゅう]～,hard/heavy ～,
週明け,週[しゅう] 明[あ]け,beginning of the week,
周囲,周[しゅう] 囲[い],surrounding,
収穫量,収[しゅう] 穫[かく] 量[りょう],crop yield,
周期,周[しゅう] 期[き],"cycle, period",
重金属,重[じゅう] 金[きん] 属[ぞく],heavy metal,
重工業,重[じゅう] 工[こう] 業[ぎょう],heavy industry,
終始,終[しゅう] 始[し],from beginning to end,
重視,重[じゅう] 視[し],"emphasis, regard ～ as important",
収集,収[しゅう] 集[しゅう],collection,
就職,就[しゅう] 職[しょく],employment,
就職活動,就[しゅう] 職[しょく] 活[かつ] 動[どう],job hunting,
修正,修[しゅう] 正[せい],correction,
住宅街,住[じゅう] 宅[たく] 街[がい],residential area,
充電器,充[じゅう] 電[でん] 器[き],charger,
収入,収[しゅう] 入[にゅう],income,
就任,就[しゅう] 任[にん],"inauguration, taking up a post",
周辺,周[しゅう] 辺[へん],around,
住民団体,住[じゅう] 民[みん] 団[だん] 体[たい],residents' association,
重役,重[じゅう] 役[やく],executive,
従来,従[じゅう] 来[らい],conventional,
従来通り,従[じゅう] 来[らい] 通[どお]り,as usual,
修理,修[しゅう] 理[り],repair,
終了,終[しゅう] 了[りょう],finish,
重労働,重[じゅう] 労[ろう] 働[どう],hard labour,
縮小,縮[しゅく] 小[しょう],shrink,"反.  拡[かく] 大[だい]<br>enlargement, magnification"
宿泊,宿[しゅく] 泊[はく],lodging,反.  日[ひ] 帰[がえ]り<br>one-day trip
宿泊料,宿[しゅく] 泊[はく] 料[りょう],room charge,
主原料,主[しゅ] 原[げん] 料[りょう],main raw materials,
取材,取[しゅ] 材[ざい],news gathering,
主産地,主[しゅ] 産[さん] 地[ち],main production area,
首相,首[しゅ] 相[しょう],prime minister,
受賞,受[じゅ] 賞[しょう],prize winning,
受信,受[じゅ] 信[しん],reception,"反.  送[そう] 信[しん]<br>transmission, sending"
主成分,主[しゅ] 成[せい] 分[ぶん],principal component,
主張,主[しゅ] 張[ちょう],"assertion, insistence",
出荷,出[しゅっ] 荷[か],shipment,
出産費用,出[しゅっ] 産[さん] 費[ひ] 用[よう],delivery charges,
出場,出[しゅつ] 場[じょう],participation,
出生届,出[しゅっ] 生[しょう] 届[とどけ],birth registration,
出張,出[しゅっ] 張[ちょう],business trip,
首都,首[しゅ] 都[と],capital city,
首脳,首[しゅ] 脳[のう],leaders,
需要,需[じゅ] 要[よう],demand,
受話器,受[じゅ] 話[わ] 器[き],phone receiver,
純粋,純[じゅん] 粋[すい],pure,
順調,順[じゅん] 調[ちょう],smooth,
諸～,諸[しょ]～,various ～,
～所,～ 所[しょ],～ place/facility,
～署,～ 署[しょ],～ station,
少～,少[しょう]～,small ～,
～省,～ 省[しょう],Ministry of ～,
～相,～ 相[しょう],～ Minister,
～証,～ 証[しょう],～ membership card/licence,
～場,～ 場[じょう],～ place/area/field,
～状,～ 状[じょう],～ card/letter,
消化,消[しょう] 化[か],digestion,
消火器,消[しょう] 火[か] 器[き],fire extinguisher,
奨学金,奨[しょう] 学[がく] 金[きん],scholarship,
乗客,乗[じょう] 客[きゃく],passenger,
消去,消[しょう] 去[きょ],erasure,
消極的,消[しょう] 極[きょく] 的[てき],passive,"反.  積[せっ] 極[きょく] 的[てき]<br>positive, assertive"
賞金,賞[しょう] 金[きん],prize money,
衝撃的,衝[しょう] 撃[げき] 的[てき],shocking,
証言,証[しょう] 言[げん],testimony,
証拠,証[しょう] 拠[こ],evidence,
正午過ぎ,正[しょう] 午[ご] 過[す]ぎ,past noon,
詳細,詳[しょう] 細[さい],details,反.  大[おお]まか<br>rough
上司,上[じょう] 司[し],boss,反.  部[ぶ] 下[か]<br>subordinate
乗車,乗[じょう] 車[しゃ],boarding,反.  下[げ] 車[しゃ]<br>alighting
上旬,上[じょう] 旬[じゅん],first ten days of the month,
少々,少[しょう] 々[しょう],a little,
症状,症[しょう] 状[じょう],symptom,
上昇,上[じょう] 昇[しょう],rising,
使用済み,使[し] 用[よう] 済[ず]み,"used, spent",
承諾,承[しょう] 諾[だく],acceptance,
上達,上[じょう] 達[たつ],progress,
商店街,商[しょう] 店[てん] 街[がい],shopping street/area,
消毒,消[しょう] 毒[どく],disinfection,
衝突,衝[しょう] 突[とつ],collision,
勝敗,勝[しょう] 敗[はい],victory or defeat,
消費,消[しょう] 費[ひ],consumption,
消費者,消[しょう] 費[ひ] 者[しゃ],consumer,
商品,商[しょう] 品[ひん],"prize, trophy",
勝負,勝[しょう] 負[ぶ],game,
丈夫,丈[じょう] 夫[ぶ],"strong, solid",
情報,情[じょう] 報[ほう],information,
消防士,消[しょう] 防[ぼう] 士[し],fireman,
消防署,消[しょう] 防[ぼう] 署[しょ],fire station,
照明,照[しょう] 明[めい],proof,
条約,条[じょう] 約[やく],treaty,
しょう油,しょう 油[ゆ],soya sauce,
～職,～ 職[しょく],～ work,
職場,職[しょく] 場[ば],one's place of work,
植物,植[しょく] 物[ぶつ],"plant, vegetation",
植民地,植[しょく] 民[みん] 地[ち],colony,
食欲,食[しょく] 欲[よく],appetite,
食糧,食[しょく] 糧[りょう],"provisions, food",
助言,助[じょ] 言[げん],advice,
諸事情,諸[しょ] 事[じ] 情[じょう],various circumstances,
初旬,初[しょ] 旬[じゅん],first ten days of the month,
徐々に,徐[じょ] 々[じょ]に,steadily,
書籍,書[しょ] 籍[せき],book,
ショッキング,ショッキング,shocking,
少量,少[しょう] 量[りょう],small amount,
しょっちゅう,しょっちゅう,constantly,
しょっぱい,しょっぱい,salty,
ショッピング街,ショッピング 街[がい],shopping street/area,
庶民,庶[しょ] 民[みん],ordinary people,
白髪,白髪[しらが],grey hair,
知り合い,知[し]り 合[あ]い,acquaintance,
私立大学,私[し] 立[りつ] 大[だい] 学[がく],private university,反.  国[こく] 立[りつ] 大[だい] 学[がく]<br>national university
城,城[しろ],castle,
しわ,しわ,wrinkle,
新～,新[しん]～,new ～,
～心,～ 心[しん],～ spirit,
進化,進[しん] 化[か],evolution,反.  退[たい] 化[か]<br>degeneration
進学,進[しん] 学[がく],moving onto the next stage of education,
進学率,進[しん] 学[がく] 率[りつ],ratio of students going on to a higher stage of education,
新学期,新[しん] 学[がっ] 期[き],new school term,
人工的,人[じん] 工[こう] 的[てき],artificial,
深刻,深[しん] 刻[こく],serious,
深刻化,深[しん] 刻[こく] 化[か],becoming more serious,
診察,診[しん] 察[さつ],medical examination,
信じ込む,信[しん]じ 込[こ]む,to firmly believe,
真実,真[しん] 実[じつ],truth,
新商品,新[しん] 商[しょう] 品[ひん],new product,
申請,申[しん] 請[せい],application,
新製品,新[しん] 製[せい] 品[ひん],new product,
親戚,親[しん] 戚[せき],relative,
新鮮,新[しん] 鮮[せん],fresh,
新体制,新[しん] 体[たい] 制[せい],new system,
新大陸,新[しん] 大[たい] 陸[りく],new continent,
診断,診[しん] 断[だん],diagnosis,
慎重,慎[しん] 重[ちょう],careful,反. そそっかしい<br>careless
新年,新[しん] 年[ねん],New Year,
新年会,新[しん] 年[ねん] 会[かい],New Year party,
新年度,新[しん] 年[ねん] 度[ど],new financial [fiscal] year,
人物,人[じん] 物[ぶつ],"man, figure",
人物化学,人[じん] 物[ぶつ] 化[か] 学[がく],humanities,
進歩,進[しん] 歩[ぽ],progress,
深夜番組,深[しん] 夜[や] 番[ばん] 組[ぐみ],late-night TV show,
信用度,信[しん] 用[よう] 度[ど],credit worthiness,
心理,心[しん] 理[り],"state of mind, psychology",
心理的,心[しん] 理[り] 的[てき],psychological,
森林,森[しん] 林[りん],forest,
親類,親[しん] 類[るい],relative,
酢,酢[す],vinegar,
図,図[ず],"diagram, figure",
炊事,炊[すい] 事[じ],cooking,
随筆,随[ずい] 筆[ひつ],essay,
水平線,水[すい] 平[へい] 線[せん],horizon,
睡眠,睡[すい] 眠[みん],sleep,
睡眠不足,睡[すい] 眠[みん] 不[ぶ] 足[そく],lack of sleep,
ずうずうしい,ずうずうしい,"brazen-faced, shameless",
末っ子,末[すえ]っ 子[こ],youngest child,
杉,杉[すぎ],cedar,
好き嫌い,好[す]き 嫌[きら]い,likes and dislikes,
すくすく,すくすく,quickly,
優れる,優[すぐ]れる,to be excellent,
図形,図[ず] 形[けい],figure,
スケジュール,スケジュール,schedule,
少しも,少[すこ]しも,(not) at all/a bit,
過ごす,過[す]ごす,to pass,
涼む,涼[すず]む,to cool down,
勧める,勧[すす]める,"to encourage, to suggest",
頭痛,頭[ず] 痛[つう],headache,
ずっしり,ずっしり,heavily,
酸っぱい,酸[す]っぱい,sour,
ステージ,ステージ,stage,
既に,既[すで]に,already,
ストレス,ストレス,stress,
砂,砂[すな],sand,
ずばり,ずばり,frankly,
好き好き,好[す]き 好[ず]き,"matter of liking, taste",
スピード違反,スピード 違[い] 反[はん],speeding offence,
スペース,スペース,space,
すべて,すべて,all,
済まない,済[す]まない,to be sorry,
～済み,～ 済[ず]み,"finished ～, -ed",
スムーズ,スムーズ,smooth,
ずらりと,ずらりと,in a line,
鋭い,鋭[するど]い,"sharp, acute","反.  鈍[にぶ]い<br>blunt, thick-headed, dull"
すれ～,すれ～,pass ～,
すれすれ,すれすれ,"just barely, narrowly",
すれ違う,すれ 違[ちが]う,to pass each other,
すんなり,すんなり,smoothly,
正～,正[せい]～,regular/exact ～,
～性,～ 性[せい],"-ty, -ness",
～製,～ 製[せい],made of/in ～,
～制,～ 制[せい],～ system,
税,税[ぜい],tax,
正確,正[せい] 確[かく],accurate,反. でたらめ<br>nonsense
正確さ,正[せい] 確[かく]さ,accuracy,
税関,税[ぜい] 関[かん],customs,
～世紀,～ 世[せい] 紀[き],～ century,
税金,税[ぜい] 金[きん],tax,
清潔,清[せい] 潔[けつ],cleanliness,反.  不[ふ] 潔[けつ]<br>dirty
制限,制[せい] 限[げん],restriction,
制作,制[せい] 作[さく],production,
製作,製[せい] 作[さく],manufacture,
～政策,～ 政[せい] 策[さく],～ policy,
制作費,制[せい] 作[さく] 費[ひ],production cost,
生産,生[せい] 産[さん],production,
生産量,生[せい] 産[さん] 量[りょう],production volume/amount,
正式,正[せい] 式[しき],formally,
政治欄,政[せい] 治[じ] 欄[らん],political column,
成人,成[せい] 人[じん],adult,
成人式,成[せい] 人[じん] 式[しき],coming-of-age ceremony/celebration,
せいぜい,せいぜい,at the most,
成績,成[せい] 績[せき],academic result/record,
製造,製[せい] 造[ぞう],manufacturing,
製造業,製[せい] 造[ぞう] 業[ぎょう],manufacturing industry,
盛大,盛[せい] 大[だい],magnificent,
ぜいたく,ぜいたく,luxurious,"反.  粗[そ] 末[まつ]<br>shabby, plain, waste"
成長,成[せい] 長[ちょう],growth,
生徒,生[せい] 徒[と],student,
制度,制[せい] 度[ど],"system, institution",
性能,性[せい] 能[のう],performance,
整備,整[せい] 備[び],maintenance,
正比例,正[せい] 比[ひ] 例[れい],direct proportion,
製品,製[せい] 品[ひん],product,
政府,政[せい] 府[ふ],government,
生物,生[せい] 物[ぶつ],"living thing, creature",
正方形,正[せい] 方[ほう] 形[けい],square,
税務署,税[ぜい] 務[む] 署[しょ],tax office,
生命力,生[せい] 命[めい] 力[りょく],vitality,
西洋風,西[せい] 洋[よう] 風[ふう],Western style,
整理,整[せい] 理[り],arrangement,
背負う,背[せ] 負[お]う,to carry on one's back,
せき,せき,cough,
石油,石[せき] 油[ゆ],oil,
世間,世[せ] 間[けん],"society, world, people",
説,説[せつ],"theory, opinion",
せっかく,せっかく,"with considerable trouble, carefully",
積極的,積[せっ] 極[きょく] 的[てき],"positive, assertive",反.  消[しょう] 極[きょく] 的[てき]<br>passive
せっせと,せっせと,"busily, hard",
接続,接[せつ] 続[ぞく],connection,
設定,設[せっ] 定[てい],settings,
説得,説[せっ] 得[とく],persuasion,
設備,設[せつ] 備[び],equipment,
絶滅,絶[ぜつ] 滅[めつ],extinction,反.  繁[はん] 殖[しょく]<br>breeding
迫る,迫[せま]る,"to approach, to press",
ゼミ,ゼミ,seminar,
せめて,せめて,at least,
攻める,攻[せ]める,to attack,"反.  守[まも]る<br>to keep, to protect"
セリフ,セリフ,lines,
栓,栓[せん],"stopper, cork, plug",
全～,全[ぜん]～,whole ～,
前～,前[ぜん]～,"former ～, ex-",
全科目,全[ぜん] 科[か] 目[もく],all subjects,
選挙,選[せん] 挙[きょ],election,
選挙活動,選[せん] 挙[きょ] 活[かつ] 動[どう],election campaign,
前後,前[ぜん] 後[ご],around,
専攻,専[せん] 攻[こう],major,
全身,全[ぜん] 身[しん],whole body,
センチメートル,センチメートル,centimetre,
宣伝,宣[せん] 伝[でん],advertisement,
宣伝費,宣[せん] 伝[でん] 費[ひ],advertising cost,
先輩,先[せん] 輩[ぱい],senior,
洗面器,洗[せん] 面[めん] 器[き],washbasin,
洗面具,洗[せん] 面[めん] 具[ぐ],washstand,
洗面所,洗[せん] 面[めん] 所[じょ],bathroom,
専門家,専[せん] 門[もん] 家[か],expert,
線路,線[せん] 路[ろ],railway track,
線路沿い,線[せん] 路[ろ] 沿[ぞ]い,along the track,
～沿い,～ 沿[ぞ]い,along the ～,
そう,そう,(not) so,
沿う,沿[そ]う,to go along,
総～,総[そう]～,total ～,
騒音,騒[そう] 音[おん],"noise, din",
増加,増[ぞう] 加[か],increase,反.  減[げん] 少[しょう]<br>decrease
葬儀費用,葬[そう] 儀[ぎ] 費[ひ] 用[よう],funeral expenses,
ぞうきん,ぞうきん,dust cloth,
倉庫,倉[そう] 庫[こ],warehouse,
総合欄,総[そう] 合[ごう] 欄[らん],general news column,
相互に,相[そう] 互[ご]に,mutually,
操作,操[そう] 作[さ],operation,
捜査,捜[そう] 査[さ],(criminal) investigation,
葬式,葬[そう] 式[しき],funeral,
送受信,送[そう] 受[じゅ] 信[しん],transmission and reception,
送信,送[そう] 信[しん],"transmission, sending",反.  受[じゅ] 信[しん]<br>reception
増大,増[ぞう] 大[だい],increase,反.  低[てい] 下[か]<br>decrease
相談相手,相[そう] 談[だん] 相[あい] 手[て],adviser,
早朝,早[そう] 朝[ちょう],early morning,
相当,相[そう] 当[とう],considerable,
挿入,挿[そう] 入[にゅう],insertion,
送別会,送[そう] 別[べつ] 会[かい],farewell party,反.  歓[かん] 迎[げい] 会[かい]<br>welcome party
続々,続[ぞく] 々[ぞく],one after another,
測定,測[そく] 定[てい],measurement,
組織,組[そ] 織[しき],organisation,
祖先,祖[そ] 先[せん],ancestor,反.  子[し] 孫[そん]<br>descendant
注ぐ,注[そそ]ぐ,"to pour, to flow into, to focus one's efforts",
そそっかしい,そそっかしい,careless,反.  慎[しん] 重[ちょう]<br>careful
育つ,育[そだ]つ,to grow up,
そっくり,そっくり,"spitting image, exactly (like)",
率直,率[そっ] 直[ちょく],frank,
備える,備[そな]える,to prepare for,
そのうち,そのうち,before long,
そのまま,そのまま,as it is,
ソフト,ソフト,software,
祖父母,祖[そ] 父[ふ] 母[ぼ],grandparents,
粗末,粗[そ] 末[まつ],"shabby, plain, waste",反. ぜいたく<br>luxurious
そる,そる,to shave,
それぞれ,それぞれ,each,
そわそわ,そわそわ,uneasy,
尊敬,尊[そん] 敬[けい],respect,
田,田[た],rice field,
多～,多[た]～,"multi-, many ～",
～代,～ 代[だい],～ fee/bill/fare,
退化,退[たい] 化[か],degeneration,反.  進[しん] 化[か]<br>evolution
大学院,大[だい] 学[がく] 院[いん],graduate school,
大気,大[たい] 気[き],atmosphere,
損害,損[そん] 害[がい],damage,
大気汚染,大[たい] 気[き] 汚[お] 染[せん],air pollution,
大規模,大[だい] 規[き] 模[ぼ],large scale,
滞在,滞[たい] 在[ざい],stay,
～対策,～ 対[たい] 策[さく],measures against ～,
大して,大[たい]して,(not) that,
退職届,退[たい] 職[しょく] 届[とどけ],resignation notice,
大臣,大[だい] 臣[じん],minister,
～大臣,～ 大[だい] 臣[じん],～ Minister,
体積,体[たい] 積[せき],volume,
大多数,大[だい] 多[た] 数[すう],great majority,
態度,態[たい] 度[ど],attitude,
タイトル,タイトル,title,
逮捕,逮[たい] 捕[ほ],arrest,
タイミング,タイミング,timing,
対立,対[たい] 立[りつ],opposition,
大量,大[たい] 量[りょう],a large amount,
ダウンロード,ダウンロード,download,
絶えず,絶[た]えず,constantly,
高まる,高[たか]まる,"to increase, to heighten (vi.)",
高める,高[たか]める,to increase (vt.),
耕す,耕[たがや]す,"to plough, to cultivate",
滝,滝[たき],waterfall,
炊き上がる,炊[た]き 上[あ]がる,to be cooked,
炊く,炊[た]く,to cook,
託児所,託[たく] 児[じ] 所[しょ],nursery,
たくましい,たくましい,"strong, burly",
多国籍,多[た] 国[こく] 籍[せき],multinational,
足し算,足[た]し 算[ざん],addition,
多少,多[た] 少[しょう],"a bit, somewhat",
足す,足[た]す,to add,
～出す,～ 出[だ]す,～ out,
助け,助[たす]け,help,
助け合う,助[たす]け 合[あ]う,to help each other,
～正しい,～ 正[ただ]しい,the correct/precise ～,
直ちに,直[ただ]ちに,right away,
大統領,大[だい] 統[とう] 領[りょう],president,
ただの,ただの,just,
畳む,畳[たた]む,to fold,
立ち上がる,立[た]ち 上[あ]がる,"to rise, to stand up",反.  腰[こし] 掛[か]ける<br>to sit
立ち上げる,立[た]ち 上[あ]げる,to launch,
たちまち,たちまち,immediately,
発つ,発[た]つ,to leave,反.  着[つ]く<br>to arrive
たつ,たつ,to pass,
だっこ,だっこ,hug,
達する,達[たっ]する,to reach,
たった,たった,only,
たっぷり,たっぷり,plenty,
～立て,～ 立[た]て,just ～,
立て直す,立[た]て 直[なお]す,rebuild,
妥当,妥[だ] 当[とう],proper,
たとえ,たとえ,even if,
谷,谷[たに],valley,
種,種[たね],seed,
楽しみ,楽[たの]しみ,pleasure,
頼もしい,頼[たの]もしい,reliable,
たびたび,たびたび,frequently,
旅番組,旅[たび] 番[ばん] 組[ぐみ],travel programme,
多方面,多[た] 方[ほう] 面[めん],"many-sided, versatile",
たまに,たまに,occasionally,
黙り込む,黙[だま]り 込[こ]む,to fall silent,
たまる,たまる,"to accumulate, to build up",
ためる,ためる,to save up,反.  解[かい] 消[しょう]する<br>to get rid of
多用途,多[た] 用[よう] 途[と],multi-purpose,
頼り,頼[たよ]り,reliance,
だらしない,だらしない,slovenly,
多量,多[た] 量[りょう],large quantity,
短～,短[たん]～,short ～,
単位,単[たん] 位[い],unit,
短所,短[たん] 所[しょ],shortcomings,
団体～,団[だん] 体[たい]～,group ～,
～団体,～ 団[だん] 体[たい],～ organisation,
団体競技,団[だん] 体[たい] 競[きょう] 技[ぎ],team sports,
団体旅行,団[だん] 体[たい] 旅[りょ] 行[こう],group tour,反.  個[こ] 人[じん] 旅[りょ] 行[こう]<br>individual travel
担当,担[たん] 当[とう],in charge,
単なる,単[たん]なる,mere,
単に,単[たん]に,simply,
～地,～ 地[ち],～ site/place,
チェック,チェック,check,
～違い,～ 違[ちが]い,different/wrong ～,
誓う,誓[ちか]う,to swear,
近く,近[ちか]く,near,
地下水,地[ち] 下[か] 水[すい],underground water,
近々,近[ちか] 々[ぢか],shortly,
力を入れる,力[ちから]を 入[い]れる,to put effort into,
地球温暖化,地[ち] 球[きゅう] 温[おん] 暖[だん] 化[か],global warming,
知人,知[ち] 人[じん],acquaintance,
縮む,縮[ちぢ]む,to shrink,
ちっとも,ちっとも,(not a) bit,
地平線,地[ち] 平[へい] 線[せん],horizon,
地方,地[ち] 方[ほう],region,
地方公共団体,地[ち] 方[ほう] 公[こう] 共[きょう] 団[だん] 体[たい],local public organisation,
チャンス,チャンス,chance,
中華風,中[ちゅう] 華[か] 風[ふう],Chinese style,
中間試験,中[ちゅう] 間[かん] 試[し] 験[けん],mid-term examination,
中古,中[ちゅう] 古[こ],second-hand,
忠告,忠[ちゅう] 告[こく],advice,
駐車違反,駐[ちゅう] 車[しゃ] 違[い] 反[はん],illegal parking,
注射器,注[ちゅう] 射[しゃ] 器[き],syringe,
中旬,中[ちゅう] 旬[じゅん],middle ten days of a month,
中断,中[ちゅう] 断[だん],interruption,
注目,注[ちゅう] 目[もく],attention,
注文,注[ちゅう] 文[もん],order,
長～、長～,長[ちょう]～、 長[なが]～,long ～,
超～,超[ちょう]～,"super ～, ultra-",
～帳,～ 帳[ちょう],-book,
超一流,超[ちょう] 一[いち] 流[りゅう],top-notch,
超大型,超[ちょう] 大[おお] 型[がた],extra large,
父親,父[ちち] 親[おや],father,
朝刊,朝[ちょう] 刊[かん],morning newspaper,
超高層ビル,超[ちょう] 高[こう] 層[そう]ビル,skyscraper,
超小型,超[ちょう] 小[こ] 型[がた],ultra-small,
調子,調[ちょう] 子[し],condition,
長所,長[ちょう] 所[しょ],strong point,
頂上,頂[ちょう] 上[じょう],"summit, top",
調整,調[ちょう] 整[せい],adjustment,
挑戦状,挑[ちょう] 戦[せん] 状[じょう],written challenge,
超大作,超[ちょう] 大[たい] 作[さく],blockbuster,
ちょうど,ちょうど,just,
長方形,長[ちょう] 方[ほう] 形[けい],rectangle,
調味料,調[ちょう] 味[み] 料[りょう],seasoning,
貯金,貯[ちょ] 金[きん],savings,
著者,著[ちょ] 者[しゃ],"author, writer",
貯蓄,貯[ちょ] 蓄[ちく],savings,
著名人,著[ちょ] 名[めい] 人[じん],celebrity,
散らかる,散[ち]らかる,to be scattered,
ちらっと,ちらっと,glance,
つい,つい,"by accident, without meaning",
追加,追[つい] 加[か],addition,
ついに,ついに,finally,
費やす,費[つい]やす,to spend,
通学,通[つう] 学[がく],attending school,
通勤,通[つう] 勤[きん],commuting,
通信～,通[つう] 信[しん]～,communication/correspondence ～,
通信機能,通[つう] 信[しん] 機[き] 能[のう],communication function,
通信速度,通[つう] 信[しん] 速[そく] 度[ど],communication speed,
通信網,通[つう] 信[しん] 網[もう],communication network,
通訳,通[つう] 訳[やく],interpretation,
～遣い,～ 遣[づか]い,"～ habit, way of ～",
使い道,使[つか]い 道[みち],how to use ～,
捕まる,捕[つか]まる,to get caught,
つかむ,つかむ,to grab,
疲れ気味,疲[つか]れ 気[ぎ] 味[み],feeling slightly tired,
～つき,～つき,look of ～,
付き合い,付[つ]き 合[あ]い,relationship,
次々,次[つぎ] 々[つぎ],one after another,
月日,月[つき] 日[ひ],time,
つぐ,つぐ,to pour,
つくづく,つくづく,"thoroughly, deeply",
～つける,～つける,(indicates doing something emphatically),
津波警報,津[つ] 波[なみ] 警[けい] 報[ほう],tsunami warning,
常に,常[つね]に,always,
つぶす,つぶす,to crush,
つぶれる,つぶれる,to collapse,
～っぽい,～っぽい,"-ish, a touch of ～",
つぼみ,つぼみ,flower bud,
つまむ,つまむ,to pick up with one's fingers,
罪,罪[つみ],crime,
積む,積[つ]む,"to load, to accumulate, to pile up",
詰め込む,詰[つ]め 込[こ]む,to cram into,
詰める,詰[つ]める,to fill,
梅雨,梅雨[つゆ],rainy season,
強気,強[つよ] 気[き],"strong, aggressive",反.  弱[よわ] 気[き]<br>coward
強まる,強[つよ]まる,"to strengthen, to intensify (vi.)",
強み,強[つよ]み,strength,
強める,強[つよ]める,"to strengthen, to increase (vt.)",
釣り具,釣[つ]り 具[ぐ],fishing gear,
つるす,つるす,to hang,
～連れ,～ 連[づ]れ,accompanied by ～,
連れ出す,連[つ]れ 出[だ]す,to take out,
出会う,出[で] 会[あ]う,"to meet, to come across",
低～,低[てい]～,low ～,
提案,提[てい] 案[あん],suggestion,
定員,定[てい] 員[いん],(seating) capacity,
低下,低[てい] 下[か],decrease,反.  増[ぞう] 大[だい]<br>increase
低カロリー,低[てい]カロリー,low calorie,
定期券,定[てい] 期[き] 券[けん],commuter pass,
定期預金,定[てい] 期[き] 預[よ] 金[きん],time deposit,
低血圧,低[てい] 血[けつ] 圧[あつ],low blood pressure,
停車,停[てい] 車[しゃ],stopping,反.  発[はっ] 車[しゃ]<br>departure
訂正,訂[てい] 正[せい],correction,
停電,停[てい] 電[でん],"blackout, power failure",
停留所,停[てい] 留[りゅう] 所[じょ],stop,
データ,データ,data,
手が空く,手[て]が 空[あ]く,to be free,
手が掛かる,手[て]が 掛[か]かる,difficult,
手が足りない,手[て]が 足[た]りない,to be short-handed/undermanned,
手が出ない,手[て]が 出[で]ない,to be out of one's reach,
手が離せない,手[て]が 離[はな]せない,to be in the middle of something,
敵,敵[てき],enemy,"反.  味[み] 方[かた]<br>ally, friend"
～的,～ 的[てき],"-ic, -tive (added to a noun to make it an adjective)",
出来上がる,出[で] 来[き] 上[あ]がる,to be finished,
適応,適[てき] 応[おう],adaptation,
適切,適[てき] 切[せつ],appropriate,反.  不[ふ] 適[てき] 切[せつ]<br>unsuitable
出来立て,出[で] 来[き] 立[た]て,"freshly made, just done",
適度,適[てき] 度[ど],moderate,
適当,適[てき] 当[とう],suitable,
てきぱき,てきぱき,efficiently,
できるだけ,できるだけ,as many/much as possible,
テクニック,テクニック,technique,
手品師,手[て] 品[じな] 師[し],magician,
手数料,手[て] 数[すう] 料[りょう],service charge,
でたらめ,でたらめ,nonsense,反.  正[せい] 確[かく]<br>accurate
哲学,哲[てつ] 学[がく],philosophy,
手続き,手[て] 続[つづ]き,procedure,
鉄道,鉄[てつ] 道[どう],railroad [railway],
徹夜,徹[てつ] 夜[や],staying/sitting up all night,
手につかない,手[て]につかない,can't focus/concentrate on,
手間,手[て] 間[ま],time and effort,
テクノロジー,テクノロジー,technology,
出迎える,出[で] 迎[むか]える,"to meet, to greet",反.  見[み] 送[おく]る<br>to see off
手を貸す,手[て]を 貸[か]す,to lend a hand,
手を借りる,手[て]を 借[か]りる,to accept help,
手を組む,手[て]を 組[く]む,to join hands/forces,
手を出す,手[て]を 出[だ]す,"to have a finger in, to start a fight",
手をつける,手[て]をつける,"to set one's hand to, to start work on",
電機メーカー,電[でん] 機[き]メーカー,electrical manufacturer,
転居,転[てん] 居[きょ],"moving, change of address",
点検,点[てん] 検[けん],inspection,
転校,転[てん] 校[こう],changing schools,
天国,天[てん] 国[ごく],heaven,反.  地[じ] 獄[ごく]<br>hell
伝言,伝[でん] 言[ごん],(verbal) message,
転じる,転[てん]じる,turn ～ to,
伝染,伝[でん] 染[せん],infection,
伝統的,伝[でん] 統[とう] 的[てき],traditional,
天然,天[てん] 然[ねん],natural,
天然ガス,天[てん] 然[ねん]ガス,natural gas,
天然資源,天[てん] 然[ねん] 資[し] 源[げん],natural resources,
天皇,天[てん] 皇[のう],emperor,
天皇制,天[てん] 皇[のう] 制[せい],emperor system of Japan,
添付,添[てん] 付[ぷ],attachment,
電力,電[でん] 力[りょく],electric power,
～度,～ 度[ど],～ degree,
問い,問[と]い,inquiry,
問いかける,問[と]いかける,to inquire,
～頭,～ 頭[とう],～ head (of cattle),
同～,同[どう]～,same ～,
答案,答[とう] 案[あん],answer sheet/paper,
統一,統[とう] 一[いつ],unification,
同業者,同[どう] 業[ぎょう] 者[しゃ],person in the same trade,
東京発,東[とう] 京[きょう] 発[はつ],departing Tokyo,
東京方面,東[とう] 京[きょう] 方[ほう] 面[めん],Tokyo area,
投資,投[とう] 資[し],investment,
どうせ,どうせ,"anyway, at any rate",
同世代,同[どう] 世[せ] 代[だい],same generation,
到着,到[とう] 着[ちゃく],arrival,反.  出[しゅっ] 発[ぱつ]<br>departure
同程度,同[どう] 程[てい] 度[ど],same level,
とうとう,とうとう,finally,
道徳,道[どう] 徳[とく],moral,
道徳的,道[どう] 徳[とく] 的[てき],"moral, ethical",
盗難,盗[とう] 難[なん],"theft, robbery, burglary",
導入,導[どう] 入[にゅう],introduce,
投票,投[とう] 票[ひょう],voting,
当分,当[とう] 分[ぶん],for the time being,
どうも,どうも,for some reason,
同僚,同[どう] 僚[りょう],colleague,
登録証,登[とう] 録[ろく] 証[しょう],registration card,
登録済み,登[とう] 録[ろく] 済[ず]み,registered,
通り～,通[とお]り～,pass ～,
通りかかる,通[とお]りかかる,to happen to pass by,
通り過ぎる,通[とお]り 過[す]ぎる,to pass over/by,
溶かす,溶[と]かす,to melt,
とかす,とかす,"to comb, to brush",
時折,時[とき] 折[おり],every now and then,
どきどき,どきどき,pounding,
解く,解[と]く,"to clear up, to unfasten, to solve",
溶く,溶[と]く,to dissolve,
とく,とく,"to comb, to brush",
得意先,得[とく] 意[い] 先[さき],good customer,
読書,読[どく] 書[しょ],reading,
独身,独[どく] 身[しん],single,
独身者,独[どく] 身[しん] 者[しゃ],single person,
独立,独[どく] 立[りつ],independence,
独立心,独[どく] 立[りつ] 心[しん],independent spirit,
解ける,解[と]ける,to be cleared up,
溶ける,溶[と]ける,to melt,
どける,どける,to move,
所々,所[ところ] 々[どころ],here and there,
年上,年[とし] 上[うえ],older,反.  年[とし] 下[した]<br>younger
年下,年[とし] 下[した],younger,反.  年[とし] 上[うえ]<br>older
土砂崩れ,土[ど] 砂[しゃ] 崩[くず]れ,landslide,
都心,都[と] 心[しん],centre of a city,
都心方面,都[と] 心[しん] 方[ほう] 面[めん],downtown area,
とっくに,とっくに,already,
どっさり,どっさり,lots of,
突如,突[とつ] 如[じょ],suddenly,
とても,とても,(can't) possibly,
～届,～ 届[とどけ],～ notification/registration,
怒鳴る,怒[ど] 鳴[な]る,to yell,
飛び込む,飛[と]び 込[こ]む,to jump/dive in,
飛び出す,飛[と]び 出[だ]す,to run/rush out,
飛び回る,飛[と]び 回[まわ]る,to fly around,
乏しい,乏[とぼ]しい,"scarce, poor",
捕らえる,捕[と]らえる,to capture,
とらえる,とらえる,"to capture, to seize",
ドラマ,ドラマ,drama,
取り～,取[と]り～,(emphatic prefix indicating an action is done thoroughly or with care),
とりあえず,とりあえず,"for now, for the time being",
取り上げる,取[と]り 上[あ]げる,to take up,
取り入れる,取[と]り 入[い]れる,to take in,
取り押さえる,取[と]り 押[お]さえる,"to apprehend, to arrest",
取り替える,取[と]り 替[か]える,to replace,
取り組み,取[と]り 組[く]み,tackling,
取り組む,取[と]り 組[く]む,"to tackle, to grapple with",
取り消す,取[と]り 消[け]す,to cancel,
取り締まる,取[と]り 締[し]まる,"to crack down, to control",
取り出す,取[と]り 出[だ]す,to take out,
取引,取[とり] 引[ひき],transaction,
取引先,取[とり] 引[ひき] 先[さき],"customer, business acquaintance",
トレーニング,トレーニング,training,
とれたて,とれたて,fresh,
泥,泥[どろ],mud,
トン,トン,tonne,
内科,内[ない] 科[か],internal medicine,
内閣総理大臣,内[ない] 閣[かく] 総[そう] 理[り] 大[だい] 臣[じん],prime minister,
内容,内[ない] 容[よう],content,
なお,なお,"even, further",
なおさら,なおさら,still more,
～直す,～ 直[なお]す,"re-, ～again better",
名が売れる,名[な]が 売[う]れる,to be famous,
流す,流[なが]す,to broadcast,
中でも,中[なか]でも,most especially,
仲直り,仲[なか] 直[なお]り,"reconciliation, making up with",
なかなか,なかなか,"(not) easily, hardly",
長年,長[なが] 年[ねん],many years,
半ば,半[なか]ば,"halfway, the middle",
～仲間,～ 仲[なか] 間[ま],～ friend/companion,
眺め,眺[なが]め,view,
眺める,眺[なが]める,to gaze,
長持ち,長[なが] 持[も]ち,long lasting,
仲良し,仲[なか] 良[よ]し,good friend,
流れる,流[なが]れる,to broadcast,
泣き出す,泣[な]き 出[だ]す,to start crying,
慰める,慰[なぐさ]める,to cheer up,
嘆く,嘆[なげ]く,to grieve about,
なだらか,なだらか,gently sloping,
懐かしい,懐[なつ]かしい,"nostalgic, fondly remembered",
なでる,なでる,"to stroke, to pat",
何しろ,何[なに]しろ,"you know, in any case",
何より,何[なに]より,more than anything,
生～,生[なま]～,live ～,
生意気,生[なま] 意[い] 気[き],cheeky,反.  謙[けん] 虚[きょ]<br>modest
生演奏,生[なま] 演[えん] 奏[そう],live performance,
怠ける,怠[なま]ける,"to be lazy, to neglect",反.  励[はげ]む<br>to encourage
生出演,生[なま] 出[しゅつ] 演[えん],live appearance,
波,波[なみ],wave,
並ぶ,並[なら]ぶ,to be in a line,
何だか,何[なん]だか,somehow,
なんと,なんと,"how, what",
何とか,何[なん]とか,somehow,
何となく,何[なん]となく,for some reason or other,
何とも,何[なん]とも,(not) anything,
ニーズ,ニーズ,needs,
煮える,煮[に]える,to boil,
苦手,苦[にが] 手[て],weak/poor at ～,"反.  好[この]み<br>liking, taste"
苦み,苦[にが]み,bitterness,
握る,握[にぎ]る,to seize,
憎い,憎[にく]い,hateful,
憎らしい,憎[にく]らしい,detestable,
逃げ出す,逃[に]げ 出[だ]す,to run away,
逃げ回る,逃[に]げ 回[まわ]る,"to squirm one's way out of, to run this way and that",
にこにこ,にこにこ,"beaming, all smiles",
二酸化炭素,二[に] 酸[さん] 化[か] 炭[たん] 素[そ],carbon dioxide,
日中,日[にっ] 中[ちゅう],daytime,
日程,日[にっ] 程[てい],schedule,
二泊三日,二[に] 泊[はく] 三[みっ] 日[か],two nights and three days,
鈍い,鈍[にぶ]い,"blunt, thick-headed, dull","反.  鋭[するど]い<br>sharp, acute"
日本産,日本[にほん] 産[さん],made in Japan,
日本列島,日本[にほん] 列[れっ] 島[とう],Japanese archipelago,
二メートルおき,二メートルおき,every two metres,
にやにや,にやにや,grinning,
入社,入[にゅう] 社[しゃ],joining a company,
入手,入[にゅう] 手[しゅ],obtainment,
にらむ,にらむ,to glare/stare at,
煮る,煮[に]る,to boil,
にわかに,にわかに,suddenly,
鶏,鶏[にわとり],chicken,
人気,人[にん] 気[き],popular,
憎む,憎[にく]む,to hate,
縫う,縫[ぬ]う,to sew,
抜き出す,抜[ぬ]き 出[だ]す,to pull out,
抜ける,抜[ぬ]ける,to fall out,
値～,値[ね]～,price,
値上がり,値[ね] 上[あ]がり,rise in prices,反.  値[ね] 下[さ]がり<br>decrease in prices
値上げ,値[ね] 上[あ]げ,price increase,
願う,願[ねが]う,to hope,
値下がり,値[ね] 下[さ]がり,decrease in prices,反.  値[ね] 上[あ]がり<br>rise in prices
ねじる,ねじる,to twist,
熱する,熱[ねっ]する,to heat,
熱中,熱[ねっ] 中[ちゅう],"passionate, enthusiastic",反.  怠[なま]け<br>laziness
寝不足,寝[ね] 不[ぶ] 足[そく],lack of sleep,
眠り込む,眠[ねむ]り 込[こ]む,to fall asleep,
眠る,眠[ねむ]る,to sleep,
ねらう,ねらう,to target,
年賀状,年[ねん] 賀[が] 状[じょう],New Year's card,
年月,年[ねん] 月[げつ],years,
年中,年[ねん] 中[じゅう],all year round,
年代別,年[ねん] 代[だい] 別[べつ],by age,
～年度,～ 年[ねん] 度[ど],～ financial [fiscal] year,
農業,農[のう] 業[ぎょう],agriculture,
農作業,農[のう] 作[さ] 業[ぎょう],farm work,
農水相,農[のう] 水[すい] 相[しょう],"Minister for Agriculture, Forestry and Fisheries",
納税,納[のう] 税[ぜい],tax payment,
能率,能[のう] 率[りつ],efficiency,
ノーベル賞,ノーベル 賞[しょう],Nobel Prize,
逃す,逃[のが]す,to miss,
ののしる,ののしる,to curse,
伸ばす,伸[の]ばす,to smooth out,
のびのび,のびのび,free and easily,
上り電車,上[のぼ]り 電[でん] 車[しゃ],uptown train,
乗り～,乗[の]り～,ride/over ～,
乗り遅れる,乗[の]り 遅[おく]れる,to miss,
乗り越える,乗[の]り 越[こ]える,to overcome,
乗り越す,乗[の]り 越[こ]す,to go beyond one's stop,
乗り込む,乗[の]り 込[こ]む,to board,
のろのろ,のろのろ,"sluggishly, slowly",
のん気,のん 気[き],carefree,
のんびり,のんびり,laid-back,
排出量,排[はい] 出[しゅつ] 量[りょう],emission amount,
配置,配[はい] 置[ち],layout,
売店,売[ばい] 店[てん],"stand, kiosk",
はう,はう,to crawl,
墓,墓[はか],grave,
～破壊,～ 破[は] 壊[かい],～ destruction,
墓参り,墓[はか] 参[まい]り,visit to a grave,
吐き気,吐[は]き 気[け],nausea,
はきはき,はきはき,"frankly, clearly",
吐く,吐[は]く,to vomit,
掃く,掃[は]く,to sweep,
破産,破[は] 産[さん],bankruptcy,
走り回る,走[はし]り 回[まわ]る,to run around,
恥ずかしがり,恥[は]ずかしがり,shy,
パスポート,パスポート,passport,
肌,肌[はだ],skin,
畑,畑[はたけ],field,
果たして,果[は]たして,"sure enough, as expected",
果たす,果[は]たす,to carry out,
初～,初[はつ]～,first ～,
～発,～ 発[はつ],departing from ～,
発芽,発[はつ] 芽[が],germination,
～パック,～パック,～ carton/pack,
発見,発[はっ] 見[けん],discovery,
発行,発[はっ] 行[こう],issue,
初公開,初[はつ] 公[こう] 開[かい],first public exhibition,
初霜,初[はつ] 霜[しも],first frost,
発車,発[はっ] 車[しゃ],departure,反.  停[てい] 車[しゃ]<br>stopping
初出場,初[はつ] 出[しゅつ] 場[じょう],first appearance,
発生,発[はっ] 生[せい],occurrence,
発想,発[はっ] 想[そう],idea,
発達,発[はっ] 達[たつ],development,
発展,発[はっ] 展[てん],development,
発電所,発[はつ] 電[でん] 所[しょ],power plant,
初舞台,初[はつ] 舞[ぶ] 台[たい],premiere,
発明,発[はつ] 明[めい],invention,
初優勝,初[はつ] 優[ゆう] 勝[しょう],first victory,
初雪,初[はつ] 雪[ゆき],first snow,
派手,派[は] 手[で],"colourful, showy",反.  地[じ] 味[み]<br>plain
話し合い,話[はな]し 合[あ]い,discussion,
話し合う,話[はな]し 合[あ]う,to discuss,
話しかける,話[はな]しかける,to talk,
話し込む,話[はな]し 込[こ]む,to be deep in talk,
話し出す,話[はな]し 出[だ]す,to begin talking,
話しぶり,話[はな]しぶり,one's way of talking,
鼻が高い,鼻[はな]が 高[たか]い,proud,
鼻で笑う,鼻[はな]で 笑[わら]う,to laugh scornfully,
花婿,花[はな] 婿[むこ],bridegroom,
華やか,華[はな]やか,gorgeous,
花嫁,花[はな] 嫁[よめ],bride,
跳ねる,跳[は]ねる,"to jump, to bounce",
はねる,はねる,to splatter,
幅,幅[はば],width,
母親,母[はは] 親[おや],mother,
はまる,はまる,"to fit into, to be caught",
早まる,早[はや]まる,"to move forward, to hasten (vi.)",
速まる,速[はや]まる,to quicken (vi.),
早める,早[はや]める,to move forward (vt.),
速める,速[はや]める,to quicken (vt.),
払い込む,払[はら]い 込[こ]む,to pay,
腹が決まる,腹[はら]が 決[き]まる,to make up one's mind,
腹が立つ,腹[はら]が 立[た]つ,to get angry,
腹を決める,腹[はら]を 決[き]める,to make up one's mind,
腹を立てる,腹[はら]を 立[た]てる,to get angry,
張り切る,張[は]り 切[き]る,to be enthusiastic,
はるか,はるか,"faraway, a long time",
反～,反[はん]～,"anti-, inverse ～",
半～,半[はん]～,half/short-,
～版,～ 版[ばん],～ edition/version,
範囲,範[はん] 囲[い],"area, range",
半永久的,半[はん] 永[えい] 久[きゅう] 的[てき],semi-permanent,
～番組,～ 番[ばん] 組[ぐみ],～ programme,
反抗的,反[はん] 抗[こう] 的[てき],"defiant, rebellious",
犯罪防止,犯[はん] 罪[ざい] 防[ぼう] 止[し],crime prevention,
反社会的,反[はん] 社[しゃ] 会[かい] 的[てき],anti-social,
繁殖,繁[はん] 殖[しょく],breeding,反.  絶[ぜつ] 滅[めつ]<br>extinction
半世紀,半[はん] 世[せい] 紀[き],half a century,
半そで,半[はん]そで,short sleeve,
半島,半[はん] 島[とう],peninsula,
半透明,半[はん] 透[とう] 明[めい],translucent,
反時計回り,反[はん] 時計[とけい] 回[まわ]り,anti-clockwise,
犯人,犯[はん] 人[にん],criminal,
犯人扱い,犯[はん] 人[にん] 扱[あつか]い,treated as a criminal,
反比例,反[はん] 比[ぴ] 例[れい],inverse proportion,
はんらん,はんらん,flooding,
非～,非[ひ]～,"in-, non-, un-",
～費,～ 費[ひ],"expenses, costs",
被害,被[ひ] 害[がい],"damage, harm",
被害届,被[ひ] 害[がい] 届[とどけ],damage report,
日帰り,日[ひ] 帰[がえ]り,one-day trip,反.  宿[しゅく] 泊[はく]<br>lodging
非課税,非[ひ] 課[か] 税[ぜい],tax/duty free,
ぴかぴか,ぴかぴか,shiny,
引き～,引[ひ]き～,"(implies something involving pulling back, hauling, withdrawing, etc.)",
引き受ける,引[ひ]き 受[う]ける,to undertake,反.  断[ことわ]る<br>to refuse
引き返す,引[ひ]き 返[かえ]す,to turn back,
引き算,引[ひ]き 算[ざん],subtraction,
引き出す,引[ひ]き 出[だ]す,"to pull out, to withdraw",
引き止める,引[ひ]き 止[と]める,to hold back,
引き取る,引[ひ]き 取[と]る,to pick up,
ひきょう,ひきょう,coward,
引き分け,引[ひ]き 分[わ]け,to draw,
引く,引[ひ]く,to subtract,
ひげ,ひげ,beard,
非公開,非[ひ] 公[こう] 開[かい],not open to the public,
非公式,非[ひ] 公[こう] 式[しき],informal,
日ごろ,日[ひ]ごろ,usually,
被災～,被[ひ] 災[さい]～,disaster affected/damaged ～,
被災者,被[ひ] 災[さい] 者[しゃ],victim,
被災地,被[ひ] 災[さい] 地[ち],disaster area,
日差し,日[ひ] 差[ざ]し,sunlight,
ビジネス街,ビジネス 街[がい],business district,
非常に,非[ひ] 常[じょう]に,extremely,
ビタミン,ビタミン,vitamin,
引っ～,引[ひ]っ～,"(indicates actions involving getting trapped, being pulled, etc.)",
引っかかる,引[ひ]っかかる,"to be stuck, to get caught",
引っかく,引[ひ]っかく,to scratch,
引っかける,引[ひ]っかける,to catch,
筆記具,筆[ひっ] 記[き] 具[ぐ],writing instruments,
筆記試験,筆[ひっ] 記[き] 試[し] 験[けん],written examination,
引っ繰り返す,引[ひっ] 繰[く]り 返[かえ]す,to turn over,
引っ込む,引[ひ]っ 込[こ]む,to withdraw,
羊,羊[ひつじ],sheep,
必死,必[ひっ] 死[し],desperate,
筆者,筆[ひっ] 者[しゃ],writer,
びっしょり,びっしょり,drenched,
びっしり,びっしり,"tightly packed, full of",
ひっそり,ひっそり,"still, quiet",
ぴったり,ぴったり,exactly,
引っ張る,引[ひ]っ 張[ぱ]る,to lead,
否定,否[ひ] 定[てい],"negation, denial",
人違い,人[ひと] 違[ちが]い,mistaking one person for another,
一つおき,一[ひと]つおき,every other,
ひとまず,ひとまず,for now,
一人暮らし,一人[ひとり] 暮[ぐ]らし,living alone,
一人っ子,一人[ひとり]っ 子[こ],only child,
避難,避[ひ] 難[なん],evacuation,
皮肉,皮[ひ] 肉[にく],irony,
ひねる,ひねる,to twist,
批判,批[ひ] 判[はん],criticism,
批評,批[ひ] 評[ひょう],criticism,
冷やす,冷[ひ]やす,to chill,
ひやひや,ひやひや,nervously,
表,表[ひょう],"chart, table",
～費用,～ 費[ひ] 用[よう],～ expenses,
美容,美[び] 容[よう],beauty,
評価,評[ひょう] 価[か],evaluation,
美容師,美[び] 容[よう] 師[し],"beautician, hairdresser",
評判,評[ひょう] 判[ばん],reputation,
標本,標[ひょう] 本[ほん],specimen,
表面化,表[ひょう] 面[めん] 化[か],surfacing,
評論,評[ひょう] 論[ろん],criticism,
評論家,評[ひょう] 論[ろん] 家[か],critic,
ヒヨコ,ヒヨコ,chick,
ひょっとしたら,ひょっとしたら,possibly,
ひょっとすると,ひょっとすると,possibly,
微量,微[び] 量[りょう],very small amount,
広がる,広[ひろ]がる,to unfold,
広げる,広[ひろ]げる,to spread out,
広場,広[ひろ] 場[ば],"square, plaza",
広まる,広[ひろ]まる,to spread (vi.),
広める,広[ひろ]める,to spread (vt.),
瓶,瓶[びん],bottle,
品種,品[ひん] 種[しゅ],variety,
品種改良,品[ひん] 種[しゅ] 改[かい] 良[りょう],selective breeding,
頻繁,頻[ひん] 繁[ぱん],frequency,
ひんやり,ひんやり,cool,
不～、不～,不[ふ]～、 不[ぶ]～,不[ふ]～：un/dis/im-<br>不[ぶ]～：un/im-,
ファイル,ファイル,file,
～風,～ 風[ふう],～ style,
風景,風[ふう] 景[けい],scenery,
フォント,フォント,font,
部下,部[ぶ] 下[か],subordinate,反.  上[じょう] 司[し]<br>boss
不可能,不[ふ] 可[か] 能[のう],impossible,
ぶかぶか,ぶかぶか,baggy,
深まる,深[ふか]まる,to deepen (vi.),
深み,深[ふか]み,depth,
深める,深[ふか]める,to deepen (vt.),
不規則,不[ふ] 規[き] 則[そく],irregular,
不気味,不[ぶ] 気[き] 味[み],eerie,
普及,普[ふ] 及[きゅう],diffusion,
普及率,普[ふ] 及[きゅう] 率[りつ],diffusion rate,
不器用,不[ぶ] 器[き] 用[よう],clumsy,"反.  器[き] 用[よう]<br>dexterity, skilfulness"
ふきん,ふきん,dishcloth,
ふく,ふく,to wipe,
副～,副[ふく]～,"vice ～, side ～",
副作用,副[ふく] 作[さ] 用[よう],side effect,
服装,服[ふく] 装[そう],clothing,
副都心,副[ふく] 都[と] 心[しん],sub-centre of a city,
含む,含[ふく]む,to have something in one's mouth,
膨らむ,膨[ふく]らむ,"to swell, to expand",
不景気,不[ふ] 景[けい] 気[き],recession,
不潔,不[ふ] 潔[けつ],dirty,反.  清[せい] 潔[けつ]<br>cleanliness
ふさがる,ふさがる,"to be closed, to close up, to be occupied",
ふざける,ふざける,to play around,
不作法,不[ぶ] 作[さ] 法[ほう],"impolite, rude",
ふさわしい,ふさわしい,suitable,
武士,武[ぶ] 士[し],samurai,
不足,不[ふ] 足[そく],"lack, shortage",
～不足,～ 不[ぶ] 足[そく],lack of ～,
不足分,不[ふ] 足[そく] 分[ぶん],deficit,
舞台,舞[ぶ] 台[たい],stage,
双子,双[ふた] 子[ご],twins,
負担,負[ふ] 担[たん],"burden, responsibility",
物価,物[ぶっ] 価[か],prices,
ぶつかる,ぶつかる,"to hit, to collide",
復旧,復[ふっ] 旧[きゅう],restoration,
物質,物[ぶっ] 質[しつ],substance,
ぶつぶつ,ぶつぶつ,grumble,
物理学,物[ぶつ] 理[り] 学[がく],physics,
不適切,不[ふ] 適[てき] 切[せつ],unsuitable,反.  適[てき] 切[せつ]<br>appropriate
不適当,不[ふ] 適[てき] 当[とう],inappropriate,
ふと,ふと,suddenly,
部品,部[ぶ] 品[ひん],part,
吹雪,吹雪[ふぶき],snowstorm,
不平,不[ふ] 平[へい],complaint,
不真面目,不[ふ] 真[ま] 面目[じめ],frivolous,
踏切,踏[ふみ] 切[きり],railway crossing,
ふもと,ふもと,bottom of,
ブラシ,ブラシ,brush,
プラスチック製,プラスチック 製[せい],plastic,
ホーム,ホーム,platform (abbr.),cf. プラットホーム<br>platform
プラン,プラン,plan,
振り～,振[ふ]り～,"turn ～, way of ～",
～ぶり,～ぶり,～ performance,
振り返る,振[ふ]り 返[かえ]る,to look back,
振り向く,振[ふ]り 向[む]く,to turn about,
不良品,不[ふ] 良[りょう] 品[ひん],defective item,
プリントアウト,プリントアウト,printout,
振る,振[ふ]る,"to wag, to sprinkle, to shake",
古～,古[ふる]～,old ～,
震える,震[ふる]える,to tremble,
古新聞,古[ふる] 新[しん] 聞[ぶん],old newspaper,
触れる,触[ふ]れる,to touch,
プログラム,プログラム,programme,
～分,～ 分[ぶん],～ amount/worth,
噴火,噴[ふん] 火[か],eruption,
文学,文[ぶん] 学[がく],literature,
文学部,文[ぶん] 学[がく] 部[ぶ],department of literature,
文芸作品,文[ぶん] 芸[げい] 作[さく] 品[ひん],literary work,
文書,文[ぶん] 書[しょ],"document, piece of writing",
奮闘,奮[ふん] 闘[とう],"struggle, efforts",
分野,分[ぶん] 野[や],area,
平気,平[へい] 気[き],"unconcerned, insensitive",
平均～,平[へい] 均[きん]～,average ～,
平均気温,平[へい] 均[きん] 気[き] 温[おん],average temperature,
平均寿命,平[へい] 均[きん] 寿[じゅ] 命[みょう],average lifespan,
平方センチメートル,平[へい] 方[ほう]センチメートル,square centimetre,
平野,平[へい] 野[や],plains,
へこむ,へこむ,"to deflate, to lose heart",
別～,別[べつ]～,another ～,
別荘,別[べっ] 荘[そう],"cottage, villa",
ペットボトル,ペットボトル,PET bottle,
別に,別[べつ]に,(not) particularly,
ベテラン,ベテラン,veteran,
へとへと,へとへと,completely exhausted,
便,便[べん],service,
変更,変[へん] 更[こう],change,
変更届,変[へん] 更[こう] 届[とどけ],notification of change,
弁護士,弁[べん] 護[ご] 士[し],lawyer,
返済,返[へん] 済[さい],repayment,
編集者,編[へん] 集[しゅう] 者[しゃ],editor,
変動,変[へん] 動[どう],fluctuation,
返品,返[へん] 品[ぴん],returned goods,
保育所,保[ほ] 育[いく] 所[しょ],nursery school,
～法,～ 法[ほう],～ method/law,
ほうき,ほうき,broom,
防災対策,防[ぼう] 災[さい] 対[たい] 策[さく],disaster prevention measures,
法事,法[ほう] 事[じ],memorial service,
～別,～ 別[べつ],by ～,
～防止,～ 防[ぼう] 止[し],prevention,
報じる,報[ほう]じる,to report,
～方針,～ 方[ほう] 針[しん],～ policy,
放送,放[ほう] 送[そう],broadcast,
包帯,包[ほう] 帯[たい],bandage,
法廷,法[ほう] 廷[てい],court,
報道,報[ほう] 道[どう],news report,
ボーナス,ボーナス,bonus,
防犯対策,防[ぼう] 犯[はん] 対[たい] 策[さく],crime prevention measures,
豊富,豊[ほう] 富[ふ],abundance,
ほうぼう,ほうぼう,various,
～方面,～ 方[ほう] 面[めん],in the direction of ～,
ホームページ,ホームページ,homepage,
ぽかぽか,ぽかぽか,warm,
保険,保[ほ] 険[けん],insurance,
保険金,保[ほ] 険[けん] 金[きん],insurance money/payment,
保健所,保[ほ] 健[けん] 所[じょ],healthcare centre,
保護,保[ほ] 護[ご],protect,
～保護,～ 保[ほ] 護[ご],～ protection,
ほこり,ほこり,dust,
募集,募[ぼ] 集[しゅう],recruitment,
保証金,保[ほ] 証[しょう] 金[きん],deposit,
干す,干[ほ]す,to dry,
保存,保[ほ] 存[ぞん],saving,
保存料,保[ほ] 存[ぞん] 料[りょう],food preservative,
墓地,墓[ぼ] 地[ち],cemetery,
仏,仏[ほとけ],Buddha,
骨が折れる,骨[ほね]が 折[お]れる,to require a lot of effort,
ほぼ,ほぼ,more or less,
ほほえみ合う,ほほえみ 合[あ]う,to exchange smiles (with another person),
ほほえみかける,ほほえみかける,to smile (at someone),
ほやほや,ほやほや,fresh,
彫る,彫[ほ]る,to carve,
滅びる,滅[ほろ]びる,to decline,
ぼろぼろ,ぼろぼろ,"tattered, ragged",
本格的,本[ほん] 格[かく] 的[てき],"full-scale, proper",
香港経由,香[ホン] 港[コン] 経[けい] 由[ゆ],via Hong Kong,
盆地,盆[ぼん] 地[ち],basin,
ほんの,ほんの,just,
ぼんやり,ぼんやり,"indistinct, absentminded",
真～,真[ま]～,brand/right/mid ～,
参る,参[まい]る,to be overwhelmed by,
負かす,負[ま]かす,to beat,
巻く,巻[ま]く,to roll,
幕,幕[まく],curtain,
まく,まく,to sow,
孫,孫[まご],grandchild,
まさか,まさか,no way,
まさに,まさに,"exactly, exactly right now",
まして,まして,much more,
マスコミ,マスコミ,mass communication,
ますます,ますます,more and more,
混ぜ込む,混[ま]ぜ 込[こ]む,to mix (in cooking),
待ち合わせる,待[ま]ち 合[あ]わせる,to arrange to meet,
真っ～,真[ま]っ～,pure/bright/deep/pitch ～,
真っ暗,真[ま]っ 暗[くら],pitch dark,
まったく,まったく,(not) at all,
まとめる,まとめる,to collect,
マナー,マナー,manner,
招く,招[まね]く,"to invite, to cause",
まぶしい,まぶしい,bright,
真向い,真[ま] 向[むか]い,right opposite,
間もなく,間[ま]もなく,soon,
守る,守[まも]る,"to keep, to protect","反.  破[やぶ]る<br>to tear, to break<p></p>攻[せ]める<br>to attack"
迷う,迷[まよ]う,to get lost,
～まる,～まる,(turns adjectives into intransitive verbs expressing change),
まるで,まるで,as if,
丸まる,丸[まる]まる,to curl up (vi.),
丸み,丸[まる]み,roundness,
丸める,丸[まる]める,"to roll up, to round (vt.)",
まれ,まれ,rare,
回る,回[まわ]る,to go around,
～回る,～ 回[まわ]る,～ around,
万一,万[まん] 一[いち],by any chance,
満員,満[まん] 員[いん],"full, crowded, packed",
万が一,万[まん]が 一[いち],by any chance,
見～,見[み]～,(indicates observation/appreciation),
未～,未[み]～,un-,
～み,～み,(turns a limited number of adjectives into nouns),
見上げる,見[み] 上[あ]げる,to look up,反.  見[み] 下[お]ろす<br>to look down
見誤る,見[み] 誤[あやま]る,to misjudge,
ミーティング,ミーティング,meeting,
見送る,見[み] 送[おく]る,to see off,"反.  出[で] 迎[むか]える<br>to meet, to greet"
見下ろす,見[み] 下[お]ろす,to look down,反.  見[み] 上[あ]げる<br>to look up
見かけ,見[み]かけ,appearance,
見かける,見[み]かける,to happen to see,
味方,味[み] 方[かた],"ally, friend",反.  攻[せ]める<br>to attack
身が入る,身[み]が 入[はい]る,to concentrate on,
未完成,未[み] 完[かん] 成[せい],unfinished,
見事,見[み] 事[ごと],brilliant,
未婚者,未[み] 婚[こん] 者[しゃ],unmarried,
岬,岬[みさき],cape,
ミシン,ミシン,sewing machine,
ミス,ミス,mistake,
湖,湖[みずうみ],lake,
自ら,自[みずか]ら,personally,
水玉模様,水[みず] 玉[たま] 模[も] 様[よう],polka dot,
見出し,見[み] 出[だ]し,headline,
道沿い,道[みち] 沿[ぞ]い,along the road,
みっともない,みっともない,shameful,
見つめ合う,見[み]つめ 合[あ]う,to look at each other,
見つめ直す,見[み]つめ 直[なお]す,to reconsider,
見つめる,見[み]つめる,to look at,
認める,認[みと]める,to acknowledge,
見直す,見[み] 直[なお]す,"to review, to look again",
見習う,見[み] 習[なら]う,to emulate,
見慣れる,見[み] 慣[な]れる,to be familiar with,
身につける,身[み]につける,"to learn, to cultivate",
実る,実[みの]る,to ripen,
未発表,未[み] 発[はっ] 表[ぴょう],unpublished,
身分証,身[み] 分[ぶん] 証[しょう],identification card,
見回る,見[み] 回[まわ]る,to go/look around,
耳が痛い,耳[みみ]が 痛[いた]い,painful to hear,
耳が早い,耳[みみ]が 早[はや]い,to be the first to know something,
耳にする,耳[みみ]にする,to hear,
耳を貸す,耳[みみ]を 貸[か]す,to listen to,
魅力的,魅[み] 力[りょく] 的[てき],enchanting,
診る,診[み]る,to examine (medically),
見分ける,見[み] 分[わ]ける,to distinguish,
無～,無[む]～,"un-, in-",
～む,～む,"(turns adjectives into verbs expressing feelings, emotions, etc.)",
向かう,向[む]かう,to head toward,
むかむか,むかむか,to feel sick,
無許可,無[む] 許[きょ] 可[か],unauthorised,
無気力,無[む] 気[き] 力[りょく],lethargic,
無視,無[む] 視[し],ignoring,
蒸し暑い,蒸[む]し 暑[あつ]い,hot and humid,
虫の居所が悪い,虫[むし]の 居[い] 所[どころ]が 悪[わる]い,to be in a bad mood,
むしろ,むしろ,rather,
蒸す,蒸[む]す,to steam,
結びつける,結[むす]びつける,"to tie, to fasten",
胸が一杯になる,胸[むね]が 一[いっ] 杯[はい]になる,to be overwhelmed with emotion,
胸に納める,胸[むね]に 納[おさ]める,"to keep to oneself (a secret, etc.)",
胸を打つ,胸[むね]を 打[う]つ,to be moving,
胸を張る,胸[むね]を 張[は]る,to be proud,
無反応,無[む] 反[はん] 応[のう],no response,
群がる,群[むら]がる,"to gather, to huddle",
群れ,群[む]れ,"flock, herd",
～目,～ 目[め],-st/nd/th,
名～,名[めい]～,famous/good ～,
名演技,名[めい] 演[えん] 技[ぎ],fine performance,
名曲,名[めい] 曲[きょく],famous piece of music,
名作,名[めい] 作[さく],fine work (of art),
名所,名[めい] 所[しょ],famous place,
名勝負,名[めい] 勝[しょう] 負[ぶ],good match,
名セリフ,名[めい]セリフ,famous line,
名場面,名[めい] 場[ば] 面[めん],famous scene (in a movie),
迷惑メール対策,迷[めい] 惑[わく]メール 対[たい] 策[さく],measures against spam,
目上,目[め] 上[うえ],superior,反.  目[め] 下[した]<br>subordinate
～メーカー,～メーカー,～ maker,
メール,メール,"mail, email",
目がない,目[め]がない,having a weakness for,
巡る,巡[めぐ]る,to go around,
目指す,目[め] 指[ざ]す,to aim at,
めざましい,めざましい,remarkable,
飯,飯[めし],"food, rice",
目下,目[め] 下[した],subordinate,反.  目[め] 上[うえ]<br>superior
雌,雌[めす],female (animal),
めちゃくちゃ,めちゃくちゃ,complete mess,
目つき,目[め]つき,look,
めっきり,めっきり,"really, remarkably",
メッセージ,メッセージ,message,
めったに,めったに,rarely,
メディア,メディア,media,
目に浮かぶ,目[め]に 浮[う]かぶ,"to imagine, to picture in one's mind",
目に付く,目[め]に 付[つ]く,to be conspicuous,
めまい,めまい,dizziness,
～める,～める,(turns adjectives into transitive verbs expressing change),
目を付ける,目[め]を 付[つ]ける,to fix one's attention on,
目を通す,目[め]を 通[とお]す,to look over,
免許証,免[めん] 許[きょ] 証[しょう],licence,
免税店,免[めん] 税[ぜい] 店[てん],duty-free shop,
面積,面[めん] 積[せき],area,
面倒,面[めん] 倒[どう],trouble,
メンバー,メンバー,member,
もうかる,もうかる,"to be profitable, to make a profit",
もうける,もうける,to make a profit,
申し込み,申[もう]し 込[こ]み,application,
申し込む,申[もう]し 込[こ]む,to apply,
申し訳ない,申[もう]し 訳[わけ]ない,I'm sorry.,
目次,目[もく] 次[じ],table of contents,
もしかしたら,もしかしたら,maybe,
もしかすると,もしかすると,maybe,
もたれる,もたれる,to lean,
持ち上げる,持[も]ち 上[あ]げる,to lift,
持ち込む,持[も]ち 込[こ]む,to bring/carry in,
持ち直す,持[も]ち 直[なお]す,to recover,
もてる,もてる,to be popular with,
元,元[もと],original,
元～,元[もと]～,former ～,
モニター,モニター,monitor,
モノレール,モノレール,monorail,
もはや,もはや,(not) any longer/more,
もむ,もむ,to massage,
模様,模[も] 様[よう],pattern,
～模様,～ 模[も] 様[よう],～ pattern,
文句,文[もん] 句[く],complaint,
持ち出す,持[も]ち 出[だ]す,to take out,
文部科学省,文[もん] 部[ぶ] 科[か] 学[がく] 省[しょう],"Ministry of Education, Culture, Sports, Science and Technology",
やかましい,やかましい,noisy,
焼き上がる,焼[や]き 上[あ]がる,to be baked,
焼き立て,焼[や]き 立[た]て,freshly baked/roasted,
～役,～ 役[やく],role of ～,
役者,役[やく] 者[しゃ],actor/actress,
訳す,訳[やく]す,to translate,
役立つ,役[やく] 立[だ]つ,to be useful,
役目,役[やく] 目[め],"role, function",
役割,役[やく] 割[わり],"role, function",
休み明け,休[やす]み 明[あ]け,just after a holiday break,
厄介,厄[やっ] 介[かい],trouble,
薬局,薬[やっ] 局[きょく],"pharmacy, chemist [drugstore]",
雇う,雇[やと]う,to hire,
野党,野[や] 党[とう],opposition (party),
破る,破[やぶ]る,"to tear, to break","反.  守[まも]る<br>to keep, to protect"
敗れる,敗[やぶ]れる,to be beaten/defeated,
やむをえず,やむをえず,unavoidably,
やむをえない,やむをえない,unavoidable,
やや,やや,a little,
有害,有[ゆう] 害[がい],harmful,
夕刊,夕[ゆう] 刊[かん],evening newspaper,
夕暮れ時,夕[ゆう] 暮[ぐ]れ 時[どき],dusk,
有効,有[ゆう] 効[こう],effective,
優先度,優[ゆう] 先[せん] 度[ど],priority,
夕立,夕[ゆう] 立[だち],shower,
有能,有[ゆう] 能[のう],competent,
有望,有[ゆう] 望[ぼう],promising,
有名人,有[ゆう] 名[めい] 人[じん],famous person,
ユーモア,ユーモア,humour,
有利,有[ゆう] 利[り],advantageous,
有力,有[ゆう] 力[りょく],"influential, powerful",
行方,行方[ゆくえ],whereabouts,
ゆで上がる,ゆで 上[あ]がる,to be completely boiled,
ゆでる,ゆでる,to boil,
湯飲み,湯[ゆ] 飲[の]み,teacup,
許す,許[ゆる]す,to forgive,
湯沸かし器,湯[ゆ] 沸[わ]かし 器[き],water heater,
夜明け,夜[よ] 明[あ]け,dawn,
酔い,酔[よ]い,drunkenness,
酔う,酔[よ]う,to get drunk,
～用,～ 用[よう],for ～,
陽気,陽[よう] 気[き],cheerful,
要求,要[よう] 求[きゅう],demand,
洋食,洋[よう] 食[しょく],Western food,反.  和[わ] 食[しょく]<br>Japanese food
幼稚園,幼[よう] 稚[ち] 園[えん],kindergarten,
幼稚園児,幼[よう] 稚[ち] 園[えん] 児[じ],kindergarten child,
用途,用[よう] 途[と],(intended) use,
洋風,洋[よう] 風[ふう],Western style,反.  和[わ] 風[ふう]<br>Japanese style
ようやく,ようやく,in the end,
要領,要[よう] 領[りょう],"point, gist",
預金,預[よ] 金[きん],"saving, deposit",
～預金,～ 預[よ] 金[きん],～ deposit,
余計,余[よ] 計[けい],extra,
汚す,汚[よご]す,to get dirty,
予算案,予[よ] 算[さん] 案[あん],budget proposal,
寄せる,寄[よ]せる,"to bring close to, to send, to have",
予想通り,予[よ] 想[そう] 通[どお]り,as expected,
酔っ払い,酔[よ]っ 払[ぱら]い,drunkard,
よっぽど,よっぽど,exceedingly,
予定通り,予[よ] 定[てい] 通[どお]り,as scheduled,
与党,与[よ] 党[とう],ruling party,
夜中,夜[よ] 中[なか],middle of the night,
呼び出す,呼[よ]び 出[だ]す,"to call, to page",
余分,余[よ] 分[ぶん],"extra, surplus",
予防,予[よ] 防[ぼう],prevention,
予防法,予[よ] 防[ぼう] 法[ほう],how to prevent,
よほど,よほど,exceedingly,
読み直す,読[よ]み 直[なお]す,to reread,
弱気,弱[よわ] 気[き],coward,"反.  強[つよ] 気[き]<br>strong, aggressive"
弱まる,弱[よわ]まる,to weaken (vi.),
弱み,弱[よわ]み,weakness,
弱める,弱[よわ]める,to weaken (vt.),
四歳児,四[よん] 歳[さい] 児[じ],four-year-old child,
～らしい,～らしい,"look, seem",
ラッシュアワー,ラッシュアワー,rush hour,
乱暴,乱[らん] 暴[ぼう],"rough, violent",
利害,利[り] 害[がい],interests,
陸,陸[りく],land,
離婚,離[り] 婚[こん],divorce,
リサイクル,リサイクル,recycle,
利子,利[り] 子[し],interest,
理想,理[り] 想[そう],ideal,
理想的,理[り] 想[そう] 的[てき],ideal,
利息,利[り] 息[そく],interest,
～率,～ 率[りつ],～ rate,
立体,立[りっ] 体[たい],solid,
リットル,リットル,litre,
立法センチメートル,立[りっ] 法[ぽう]センチメートル,cubic centimetre,
立方体,立[りっ] 方[ぽう] 体[たい],cube,
両～,両[りょう]～,both ～,
～料,～ 料[りょう],～ fee,
～量,～ 量[りょう],～ amount,
料金,料[りょう] 金[きん],"fee, charge",
両ひざ,両[りょう]ひざ,both knees,
両わき,両[りょう]わき,both sides,
～力,～ 力[りょく],～ power/force,
リラックス,リラックス,relax,
礼儀,礼[れい] 儀[ぎ],courtesy,
礼儀正しい,礼[れい] 儀[ぎ] 正[ただ]しい,polite,
冷静,冷[れい] 静[せい],calm,
レジャー,レジャー,leisure,
～連合,～ 連[れん] 合[ごう],～ union/coalition,
労働組合,労[ろう] 働[どう] 組[くみ] 合[あい],trade union [labor union],
労働条件,労[ろう] 働[どう] 条[じょう] 件[けん],working conditions,
ローン,ローン,loan,
ロンドン行き,ロンドン 行[い]き,to/bound for London,
論文,論[ろん] 文[ぶん],"dissertation, essay",
わがまま,わがまま,selfish,
わく,わく,to spring out,
枠,枠[わく],box,
わざと,わざと,on purpose,
わざわざ,わざわざ,bother/trouble (to do),
和食,和[わ] 食[しょく],Japanese food,反.  洋[よう] 食[しょく]<br>Western food
わずか,わずか,"a few, a little, only",
綿,綿[わた],cotton (plant),
話題,話[わ] 題[だい],topic,
和風,和[わ] 風[ふう],Japanese style,反.  洋[よう] 風[ふう]<br>Western style
笑いかける,笑[わら]いかける,"to smile, to grin",
割合,割[わり] 合[あい],proportion,
割り勘,割[わ]り 勘[かん],to split/share the costs,
割り算,割[わ]り 算[ざん],division,
割と,割[わり]と,comparatively,
割る,割[わ]る,to divide,
湾,湾[わん],bay,
夫人,夫[ふ] 人[じん],wife,
新時代,新[しん] 時[じ] 代[だい],new era,